연도,매출액,영업이익,당기순이익,ROE,기준연도,적용 영업이익(E),적용 영업이익 기준연도,적용 당기순이익(E),적용 당기순이익 기준연도,적용 ROE(E),적용 ROE 기준연도,적용 ROE 소스,종목코드,종목명
2021,2796048.0,516339.0,399075.0,13.92,2026,3570228.0,2028,3070254.0,2028,45.56,2026,FnGuide 메인 재무테이블 올해 전망,A005930,삼성전자
2022,3022314.0,433766.0,556541.0,17.07,2026,3570228.0,2028,3070254.0,2028,45.56,2026,FnGuide 메인 재무테이블 올해 전망,A005930,삼성전자
2023,2589355.0,65670.0,154871.0,4.14,2026,3570228.0,2028,3070254.0,2028,45.56,2026,FnGuide 메인 재무테이블 올해 전망,A005930,삼성전자
2024,3008709.0,327260.0,344514.0,9.03,2026,3570228.0,2028,3070254.0,2028,45.56,2026,FnGuide 메인 재무테이블 올해 전망,A005930,삼성전자
2025,3336059.0,436011.0,452068.0,10.85,2026,3570228.0,2028,3070254.0,2028,45.56,2026,FnGuide 메인 재무테이블 올해 전망,A005930,삼성전자
2026,6250520.0,3058504.0,2459287.0,45.56,2026,3570228.0,2028,3070254.0,2028,45.56,2026,FnGuide 메인 재무테이블 올해 전망,A005930,삼성전자
2027,7290636.0,3727615.0,2978852.0,37.93,2026,3570228.0,2028,3070254.0,2028,45.56,2026,FnGuide 메인 재무테이블 올해 전망,A005930,삼성전자
2028,7387599.0,3570228.0,3070254.0,28.12,2026,3570228.0,2028,3070254.0,2028,45.56,2026,FnGuide 메인 재무테이블 올해 전망,A005930,삼성전자
2021,429978.0,124103.0,96162.0,16.84,2026,2834838.0,2028,2361945.0,2028,83.3,2026,FnGuide 메인 재무테이블 올해 전망,A000660,SK하이닉스
2022,446216.0,68094.0,22417.0,3.56,2026,2834838.0,2028,2361945.0,2028,83.3,2026,FnGuide 메인 재무테이블 올해 전망,A000660,SK하이닉스
2023,327657.0,-77303.0,-91375.0,-15.61,2026,2834838.0,2028,2361945.0,2028,83.3,2026,FnGuide 메인 재무테이블 올해 전망,A000660,SK하이닉스
2024,661930.0,234673.0,197969.0,31.06,2026,2834838.0,2028,2361945.0,2028,83.3,2026,FnGuide 메인 재무테이블 올해 전망,A000660,SK하이닉스
2025,971467.0,472063.0,429479.0,44.15,2026,2834838.0,2028,2361945.0,2028,83.3,2026,FnGuide 메인 재무테이블 올해 전망,A000660,SK하이닉스
2026,2877749.0,2107169.0,1682203.0,83.3,2026,2834838.0,2028,2361945.0,2028,83.3,2026,FnGuide 메인 재무테이블 올해 전망,A000660,SK하이닉스
2027,3628794.0,2609715.0,2057284.0,53.21,2026,2834838.0,2028,2361945.0,2028,83.3,2026,FnGuide 메인 재무테이블 올해 전망,A000660,SK하이닉스
2028,4000008.0,2834838.0,2361945.0,38.84,2026,2834838.0,2028,2361945.0,2028,83.3,2026,FnGuide 메인 재무테이블 올해 전망,A000660,SK하이닉스
2021,15680.0,5373.0,3936.0,8.21,2026,27990.0,2027,21707.0,2027,16.21,2026,FnGuide 메인 재무테이블 올해 전망,A207940,삼성바이오로직스
2022,30013.0,9836.0,7981.0,11.42,2026,27990.0,2027,21707.0,2027,16.21,2026,FnGuide 메인 재무테이블 올해 전망,A207940,삼성바이오로직스
2023,36946.0,11137.0,8577.0,9.12,2026,27990.0,2027,21707.0,2027,16.21,2026,FnGuide 메인 재무테이블 올해 전망,A207940,삼성바이오로직스
2024,34971.0,13214.0,10833.0,10.45,2026,27990.0,2027,21707.0,2027,16.21,2026,FnGuide 메인 재무테이블 올해 전망,A207940,삼성바이오로직스
2025,45570.0,20692.0,17844.0,19.44,2026,27990.0,2027,21707.0,2027,16.21,2026,FnGuide 메인 재무테이블 올해 전망,A207940,삼성바이오로직스
2026,52389.0,23792.0,18525.0,16.21,2026,27990.0,2027,21707.0,2027,16.21,2026,FnGuide 메인 재무테이블 올해 전망,A207940,삼성바이오로직스
2027,61597.0,27990.0,21707.0,13.47,2026,27990.0,2027,21707.0,2027,16.21,2026,FnGuide 메인 재무테이블 올해 전망,A207940,삼성바이오로직스
2028,,,,,2026,27990.0,2027,21707.0,2027,16.21,2026,FnGuide 메인 재무테이블 올해 전망,A207940,삼성바이오로직스
2021,18934.0,7442.0,5958.0,16.04,2026,24002.0,2028,19898.0,2028,8.03,2026,FnGuide 메인 재무테이블 올해 전망,A068270,셀트리온
2022,22840.0,6472.0,5426.0,13.35,2026,24002.0,2028,19898.0,2028,8.03,2026,FnGuide 메인 재무테이블 올해 전망,A068270,셀트리온
2023,21764.0,6515.0,5397.0,5.07,2026,24002.0,2028,19898.0,2028,8.03,2026,FnGuide 메인 재무테이블 올해 전망,A068270,셀트리온
2024,35573.0,4920.0,4189.0,2.46,2026,24002.0,2028,19898.0,2028,8.03,2026,FnGuide 메인 재무테이블 올해 전망,A068270,셀트리온
2025,41625.0,11685.0,10315.0,5.94,2026,24002.0,2028,19898.0,2028,8.03,2026,FnGuide 메인 재무테이블 올해 전망,A068270,셀트리온
2026,52790.0,17311.0,14339.0,8.03,2026,24002.0,2028,19898.0,2028,8.03,2026,FnGuide 메인 재무테이블 올해 전망,A068270,셀트리온
2027,60820.0,20889.0,17085.0,8.8,2026,24002.0,2028,19898.0,2028,8.03,2026,FnGuide 메인 재무테이블 올해 전망,A068270,셀트리온
2028,66228.0,24002.0,19898.0,9.52,2026,24002.0,2028,19898.0,2028,8.03,2026,FnGuide 메인 재무테이블 올해 전망,A068270,셀트리온
2021,1176106.0,66789.0,56931.0,6.84,2026,142705.0,2028,130085.0,2028,9.06,2026,FnGuide 메인 재무테이블 올해 전망,A005380,현대차
2022,1421515.0,98249.0,79836.0,9.36,2026,142705.0,2028,130085.0,2028,9.06,2026,FnGuide 메인 재무테이블 올해 전망,A005380,현대차
2023,1626636.0,151269.0,122723.0,13.68,2026,142705.0,2028,130085.0,2028,9.06,2026,FnGuide 메인 재무테이블 올해 전망,A005380,현대차
2024,1752312.0,142396.0,132299.0,12.43,2026,142705.0,2028,130085.0,2028,9.06,2026,FnGuide 메인 재무테이블 올해 전망,A005380,현대차
2025,1862545.0,114679.0,103648.0,8.41,2026,142705.0,2028,130085.0,2028,9.06,2026,FnGuide 메인 재무테이블 올해 전망,A005380,현대차
2026,1946970.0,124371.0,117681.0,9.06,2026,142705.0,2028,130085.0,2028,9.06,2026,FnGuide 메인 재무테이블 올해 전망,A005380,현대차
2027,2027668.0,137077.0,128727.0,9.33,2026,142705.0,2028,130085.0,2028,9.06,2026,FnGuide 메인 재무테이블 올해 전망,A005380,현대차
2028,2101007.0,142705.0,130085.0,8.98,2026,142705.0,2028,130085.0,2028,9.06,2026,FnGuide 메인 재무테이블 올해 전망,A005380,현대차
2021,698624.0,50657.0,47603.0,14.69,2026,118177.0,2028,96689.0,2028,13.02,2026,FnGuide 메인 재무테이블 올해 전망,A000270,기아
2022,865590.0,72331.0,54090.0,14.57,2026,118177.0,2028,96689.0,2028,13.02,2026,FnGuide 메인 재무테이블 올해 전망,A000270,기아
2023,998084.0,116079.0,87778.0,20.44,2026,118177.0,2028,96689.0,2028,13.02,2026,FnGuide 메인 재무테이블 올해 전망,A000270,기아
2024,1074488.0,126671.0,97750.0,19.09,2026,118177.0,2028,96689.0,2028,13.02,2026,FnGuide 메인 재무테이블 올해 전망,A000270,기아
2025,1141409.0,90781.0,75542.0,12.92,2026,118177.0,2028,96689.0,2028,13.02,2026,FnGuide 메인 재무테이블 올해 전망,A000270,기아
2026,1221550.0,100833.0,83283.0,13.02,2026,118177.0,2028,96689.0,2028,13.02,2026,FnGuide 메인 재무테이블 올해 전망,A000270,기아
2027,1283010.0,111488.0,91154.0,12.97,2026,118177.0,2028,96689.0,2028,13.02,2026,FnGuide 메인 재무테이블 올해 전망,A000270,기아
2028,1337734.0,118177.0,96689.0,12.56,2026,118177.0,2028,96689.0,2028,13.02,2026,FnGuide 메인 재무테이블 올해 전망,A000270,기아
2021,68176.0,13255.0,164776.0,106.72,2026,29697.0,2028,24952.0,2028,7.66,2026,FnGuide 메인 재무테이블 올해 전망,A035420,NAVER
2022,82201.0,13047.0,6732.0,3.29,2026,29697.0,2028,24952.0,2028,7.66,2026,FnGuide 메인 재무테이블 올해 전망,A035420,NAVER
2023,96706.0,14888.0,9850.0,4.41,2026,29697.0,2028,24952.0,2028,7.66,2026,FnGuide 메인 재무테이블 올해 전망,A035420,NAVER
2024,107377.0,19793.0,19320.0,7.9,2026,29697.0,2028,24952.0,2028,7.66,2026,FnGuide 메인 재무테이블 올해 전망,A035420,NAVER
2025,120350.0,22081.0,18187.0,7.36,2026,29697.0,2028,24952.0,2028,7.66,2026,FnGuide 메인 재무테이블 올해 전망,A035420,NAVER
2026,134006.0,24490.0,21393.0,7.66,2026,29697.0,2028,24952.0,2028,7.66,2026,FnGuide 메인 재무테이블 올해 전망,A035420,NAVER
2027,147665.0,28004.0,24283.0,8.08,2026,29697.0,2028,24952.0,2028,7.66,2026,FnGuide 메인 재무테이블 올해 전망,A035420,NAVER
2028,157491.0,29697.0,24952.0,8.06,2026,29697.0,2028,24952.0,2028,7.66,2026,FnGuide 메인 재무테이블 올해 전망,A035420,NAVER
2021,59105.0,5879.0,16405.0,17.08,2026,12254.0,2028,9639.0,2028,5.67,2026,FnGuide 메인 재무테이블 올해 전망,A035720,카카오
2022,67987.0,5694.0,10670.0,13.62,2026,12254.0,2028,9639.0,2028,5.67,2026,FnGuide 메인 재무테이블 올해 전망,A035720,카카오
2023,75570.0,4609.0,-18167.0,-10.26,2026,12254.0,2028,9639.0,2028,5.67,2026,FnGuide 메인 재무테이블 올해 전망,A035720,카카오
2024,78640.0,4953.0,-1619.0,0.56,2026,12254.0,2028,9639.0,2028,5.67,2026,FnGuide 메인 재무테이블 올해 전망,A035720,카카오
2025,80991.0,7320.0,5180.0,4.59,2026,12254.0,2028,9639.0,2028,5.67,2026,FnGuide 메인 재무테이블 올해 전망,A035720,카카오
2026,86589.0,9186.0,6893.0,5.67,2026,12254.0,2028,9639.0,2028,5.67,2026,FnGuide 메인 재무테이블 올해 전망,A035720,카카오
2027,93489.0,11037.0,8662.0,6.65,2026,12254.0,2028,9639.0,2028,5.67,2026,FnGuide 메인 재무테이블 올해 전망,A035720,카카오
2028,101279.0,12254.0,9639.0,6.82,2026,12254.0,2028,9639.0,2028,5.67,2026,FnGuide 메인 재무테이블 올해 전망,A035720,카카오
2021,425993.0,50264.0,39539.0,18.47,2026,54003.0,2028,37143.0,2028,-0.84,2026,FnGuide 메인 재무테이블 올해 전망,A051910,LG화학
2022,509833.0,29794.0,21955.0,6.94,2026,54003.0,2028,37143.0,2028,-0.84,2026,FnGuide 메인 재무테이블 올해 전망,A051910,LG화학
2023,552498.0,25292.0,20534.0,4.2,2026,54003.0,2028,37143.0,2028,-0.84,2026,FnGuide 메인 재무테이블 올해 전망,A051910,LG화학
2024,486998.0,8749.0,5150.0,-2.11,2026,54003.0,2028,37143.0,2028,-0.84,2026,FnGuide 메인 재무테이블 올해 전망,A051910,LG화학
2025,459322.0,11809.0,-9771.0,-5.5,2026,54003.0,2028,37143.0,2028,-0.84,2026,FnGuide 메인 재무테이블 올해 전망,A051910,LG화학
2026,491156.0,10989.0,115.0,-0.84,2026,54003.0,2028,37143.0,2028,-0.84,2026,FnGuide 메인 재무테이블 올해 전망,A051910,LG화학
2027,579047.0,38715.0,21650.0,4.34,2026,54003.0,2028,37143.0,2028,-0.84,2026,FnGuide 메인 재무테이블 올해 전망,A051910,LG화학
2028,629165.0,54003.0,37143.0,6.73,2026,54003.0,2028,37143.0,2028,-0.84,2026,FnGuide 메인 재무테이블 올해 전망,A051910,LG화학
2021,178519.0,7685.0,9299.0,10.68,2026,69576.0,2028,46139.0,2028,-0.49,2026,FnGuide 메인 재무테이블 올해 전망,A373220,LG에너지솔루션
2022,255986.0,12137.0,7798.0,5.75,2026,69576.0,2028,46139.0,2028,-0.49,2026,FnGuide 메인 재무테이블 올해 전망,A373220,LG에너지솔루션
2023,337455.0,21632.0,16380.0,6.36,2026,69576.0,2028,46139.0,2028,-0.49,2026,FnGuide 메인 재무테이블 올해 전망,A373220,LG에너지솔루션
2024,256196.0,5754.0,3386.0,-4.93,2026,69576.0,2028,46139.0,2028,-0.49,2026,FnGuide 메인 재무테이블 올해 전망,A373220,LG에너지솔루션
2025,236718.0,13461.0,808.0,-5.19,2026,69576.0,2028,46139.0,2028,-0.49,2026,FnGuide 메인 재무테이블 올해 전망,A373220,LG에너지솔루션
2026,278491.0,12276.0,5659.0,-0.49,2026,69576.0,2028,46139.0,2028,-0.49,2026,FnGuide 메인 재무테이블 올해 전망,A373220,LG에너지솔루션
2027,358946.0,42224.0,26789.0,6.04,2026,69576.0,2028,46139.0,2028,-0.49,2026,FnGuide 메인 재무테이블 올해 전망,A373220,LG에너지솔루션
2028,454973.0,69576.0,46139.0,12.86,2026,69576.0,2028,46139.0,2028,-0.49,2026,FnGuide 메인 재무테이블 올해 전망,A373220,LG에너지솔루션
2021,135532.0,10676.0,12504.0,8.45,2026,20340.0,2028,19494.0,2028,0.65,2026,FnGuide 메인 재무테이블 올해 전망,A006400,삼성SDI
2022,201241.0,18080.0,20394.0,12.52,2026,20340.0,2028,19494.0,2028,0.65,2026,FnGuide 메인 재무테이블 올해 전망,A006400,삼성SDI
2023,214368.0,15455.0,20660.0,11.48,2026,20340.0,2028,19494.0,2028,0.65,2026,FnGuide 메인 재무테이블 올해 전망,A006400,삼성SDI
2024,165922.0,3633.0,5755.0,3.13,2026,20340.0,2028,19494.0,2028,0.65,2026,FnGuide 메인 재무테이블 올해 전망,A006400,삼성SDI
2025,132667.0,-17224.0,-5849.0,-3.15,2026,20340.0,2028,19494.0,2028,0.65,2026,FnGuide 메인 재무테이블 올해 전망,A006400,삼성SDI
2026,151054.0,-3828.0,851.0,0.65,2026,20340.0,2028,19494.0,2028,0.65,2026,FnGuide 메인 재무테이블 올해 전망,A006400,삼성SDI
2027,187353.0,10679.0,13020.0,5.91,2026,20340.0,2028,19494.0,2028,0.65,2026,FnGuide 메인 재무테이블 올해 전망,A006400,삼성SDI
2028,237203.0,20340.0,19494.0,9.35,2026,20340.0,2028,19494.0,2028,0.65,2026,FnGuide 메인 재무테이블 올해 전망,A006400,삼성SDI
2021,14856.0,1150.0,978.0,20.26,2026,3333.0,2028,2194.0,2028,1.71,2026,FnGuide 메인 재무테이블 올해 전망,A247540,에코프로비엠
2022,53576.0,3807.0,2727.0,24.26,2026,3333.0,2028,2194.0,2028,1.71,2026,FnGuide 메인 재무테이블 올해 전망,A247540,에코프로비엠
2023,69009.0,1560.0,547.0,-0.64,2026,3333.0,2028,2194.0,2028,1.71,2026,FnGuide 메인 재무테이블 올해 전망,A247540,에코프로비엠
2024,27668.0,-341.0,-585.0,-6.26,2026,3333.0,2028,2194.0,2028,1.71,2026,FnGuide 메인 재무테이블 올해 전망,A247540,에코프로비엠
2025,25316.0,1433.0,916.0,2.29,2026,3333.0,2028,2194.0,2028,1.71,2026,FnGuide 메인 재무테이블 올해 전망,A247540,에코프로비엠
2026,29687.0,980.0,421.0,1.71,2026,3333.0,2028,2194.0,2028,1.71,2026,FnGuide 메인 재무테이블 올해 전망,A247540,에코프로비엠
2027,41392.0,2100.0,1268.0,5.25,2026,3333.0,2028,2194.0,2028,1.71,2026,FnGuide 메인 재무테이블 올해 전망,A247540,에코프로비엠
2028,56305.0,3333.0,2194.0,8.72,2026,3333.0,2028,2194.0,2028,1.71,2026,FnGuide 메인 재무테이블 올해 전망,A247540,에코프로비엠
2021,763323.0,92381.0,71959.0,13.97,2026,43305.0,2028,28176.0,2028,3.15,2026,FnGuide 메인 재무테이블 올해 전망,A005490,POSCO홀딩스
2022,847502.0,48501.0,35605.0,6.11,2026,43305.0,2028,28176.0,2028,3.15,2026,FnGuide 메인 재무테이블 올해 전망,A005490,POSCO홀딩스
2023,771272.0,35314.0,18459.0,3.18,2026,43305.0,2028,28176.0,2028,3.15,2026,FnGuide 메인 재무테이블 올해 전망,A005490,POSCO홀딩스
2024,726881.0,21736.0,9476.0,2.0,2026,43305.0,2028,28176.0,2028,3.15,2026,FnGuide 메인 재무테이블 올해 전망,A005490,POSCO홀딩스
2025,690949.0,18271.0,5044.0,1.18,2026,43305.0,2028,28176.0,2028,3.15,2026,FnGuide 메인 재무테이블 올해 전망,A005490,POSCO홀딩스
2026,718942.0,30972.0,18808.0,3.15,2026,43305.0,2028,28176.0,2028,3.15,2026,FnGuide 메인 재무테이블 올해 전망,A005490,POSCO홀딩스
2027,744580.0,38110.0,23773.0,3.89,2026,43305.0,2028,28176.0,2028,3.15,2026,FnGuide 메인 재무테이블 올해 전망,A005490,POSCO홀딩스
2028,775933.0,43305.0,28176.0,4.63,2026,43305.0,2028,28176.0,2028,3.15,2026,FnGuide 메인 재무테이블 올해 전망,A005490,POSCO홀딩스
2021,739080.0,40580.0,14150.0,6.32,2026,47366.0,2028,27581.0,2028,7.01,2026,FnGuide 메인 재무테이블 올해 전망,A066570,LG전자
2022,834673.0,35510.0,18631.0,6.61,2026,47366.0,2028,27581.0,2028,7.01,2026,FnGuide 메인 재무테이블 올해 전망,A066570,LG전자
2023,822627.0,36533.0,11506.0,3.69,2026,47366.0,2028,27581.0,2028,7.01,2026,FnGuide 메인 재무테이블 올해 전망,A066570,LG전자
2024,877282.0,34197.0,5914.0,1.81,2026,47366.0,2028,27581.0,2028,7.01,2026,FnGuide 메인 재무테이블 올해 전망,A066570,LG전자
2025,892009.0,24784.0,12204.0,4.28,2026,47366.0,2028,27581.0,2028,7.01,2026,FnGuide 메인 재무테이블 올해 전망,A066570,LG전자
2026,926222.0,36245.0,20476.0,7.01,2026,47366.0,2028,27581.0,2028,7.01,2026,FnGuide 메인 재무테이블 올해 전망,A066570,LG전자
2027,966052.0,40174.0,24057.0,7.82,2026,47366.0,2028,27581.0,2028,7.01,2026,FnGuide 메인 재무테이블 올해 전망,A066570,LG전자
2028,1014322.0,47366.0,27581.0,8.36,2026,47366.0,2028,27581.0,2028,7.01,2026,FnGuide 메인 재무테이블 올해 전망,A066570,LG전자
2021,606736.0,-58465.0,-52156.0,-7.97,2026,159008.0,2028,93554.0,2028,16.9,2026,FnGuide 메인 재무테이블 올해 전망,A015760,한국전력
2022,712579.0,-326552.0,-244291.0,-46.9,2026,159008.0,2028,93554.0,2028,16.9,2026,FnGuide 메인 재무테이블 올해 전망,A015760,한국전력
2023,882195.0,-45416.0,-47161.0,-12.63,2026,159008.0,2028,93554.0,2028,16.9,2026,FnGuide 메인 재무테이블 올해 전망,A015760,한국전력
2024,933989.0,83647.0,36220.0,9.22,2026,159008.0,2028,93554.0,2028,16.9,2026,FnGuide 메인 재무테이블 올해 전망,A015760,한국전력
2025,974293.0,134906.0,86667.0,19.4,2026,159008.0,2028,93554.0,2028,16.9,2026,FnGuide 메인 재무테이블 올해 전망,A015760,한국전력
2026,984309.0,141186.0,84165.0,16.9,2026,159008.0,2028,93554.0,2028,16.9,2026,FnGuide 메인 재무테이블 올해 전망,A015760,한국전력
2027,997541.0,161527.0,99267.0,16.99,2026,159008.0,2028,93554.0,2028,16.9,2026,FnGuide 메인 재무테이블 올해 전망,A015760,한국전력
2028,1010495.0,159008.0,93554.0,15.41,2026,159008.0,2028,93554.0,2028,16.9,2026,FnGuide 메인 재무테이블 올해 전망,A015760,한국전력
2021,109909.0,8694.0,6458.0,10.67,2026,21103.0,2028,12430.0,2028,4.12,2026,FnGuide 메인 재무테이블 올해 전망,A034020,두산에너빌리티
2022,154211.0,11061.0,-4532.0,-11.7,2026,21103.0,2028,12430.0,2028,4.12,2026,FnGuide 메인 재무테이블 올해 전망,A034020,두산에너빌리티
2023,175899.0,14673.0,5175.0,0.78,2026,21103.0,2028,12430.0,2028,4.12,2026,FnGuide 메인 재무테이블 올해 전망,A034020,두산에너빌리티
2024,162331.0,10176.0,3947.0,1.52,2026,21103.0,2028,12430.0,2028,4.12,2026,FnGuide 메인 재무테이블 올해 전망,A034020,두산에너빌리티
2025,170579.0,7627.0,2052.0,1.11,2026,21103.0,2028,12430.0,2028,4.12,2026,FnGuide 메인 재무테이블 올해 전망,A034020,두산에너빌리티
2026,176534.0,10935.0,5287.0,4.12,2026,21103.0,2028,12430.0,2028,4.12,2026,FnGuide 메인 재무테이블 올해 전망,A034020,두산에너빌리티
2027,194959.0,15404.0,8664.0,6.59,2026,21103.0,2028,12430.0,2028,4.12,2026,FnGuide 메인 재무테이블 올해 전망,A034020,두산에너빌리티
2028,228618.0,21103.0,12430.0,9.47,2026,21103.0,2028,12430.0,2028,4.12,2026,FnGuide 메인 재무테이블 올해 전망,A034020,두산에너빌리티
2021,44866.0,-17547.0,-16998.0,-55.86,2026,27577.0,2028,23238.0,2028,20.06,2026,FnGuide 메인 재무테이블 올해 전망,A042660,한화오션
2022,48602.0,-16136.0,-17448.0,-117.79,2026,27577.0,2028,23238.0,2028,20.06,2026,FnGuide 메인 재무테이블 올해 전망,A042660,한화오션
2023,74083.0,-1965.0,1600.0,6.33,2026,27577.0,2028,23238.0,2028,20.06,2026,FnGuide 메인 재무테이블 올해 전망,A042660,한화오션
2024,107760.0,2379.0,5282.0,11.52,2026,27577.0,2028,23238.0,2028,20.06,2026,FnGuide 메인 재무테이블 올해 전망,A042660,한화오션
2025,127835.0,11676.0,12459.0,22.59,2026,27577.0,2028,23238.0,2028,20.06,2026,FnGuide 메인 재무테이블 올해 전망,A042660,한화오션
2026,137962.0,16788.0,13712.0,20.06,2026,27577.0,2028,23238.0,2028,20.06,2026,FnGuide 메인 재무테이블 올해 전망,A042660,한화오션
2027,154577.0,21084.0,17457.0,20.88,2026,27577.0,2028,23238.0,2028,20.06,2026,FnGuide 메인 재무테이블 올해 전망,A042660,한화오션
2028,173770.0,27577.0,23238.0,22.42,2026,27577.0,2028,23238.0,2028,20.06,2026,FnGuide 메인 재무테이블 올해 전망,A042660,한화오션
2021,66220.0,-13120.0,-14521.0,-36.89,2026,24007.0,2028,18272.0,2028,25.4,2026,FnGuide 메인 재무테이블 올해 전망,A010140,삼성중공업
2022,59447.0,-8544.0,-6274.0,-16.08,2026,24007.0,2028,18272.0,2028,25.4,2026,FnGuide 메인 재무테이블 올해 전망,A010140,삼성중공업
2023,80094.0,2333.0,-1556.0,-4.22,2026,24007.0,2028,18272.0,2028,25.4,2026,FnGuide 메인 재무테이블 올해 전망,A010140,삼성중공업
2024,99031.0,5027.0,539.0,1.77,2026,24007.0,2028,18272.0,2028,25.4,2026,FnGuide 메인 재무테이블 올해 전망,A010140,삼성중공업
2025,106500.0,8622.0,5358.0,13.74,2026,24007.0,2028,18272.0,2028,25.4,2026,FnGuide 메인 재무테이블 올해 전망,A010140,삼성중공업
2026,127062.0,15904.0,11910.0,25.4,2026,24007.0,2028,18272.0,2028,25.4,2026,FnGuide 메인 재무테이블 올해 전망,A010140,삼성중공업
2027,143091.0,20110.0,15680.0,25.75,2026,24007.0,2028,18272.0,2028,25.4,2026,FnGuide 메인 재무테이블 올해 전망,A010140,삼성중공업
2028,156894.0,24007.0,18272.0,23.64,2026,24007.0,2028,18272.0,2028,25.4,2026,FnGuide 메인 재무테이블 올해 전망,A010140,삼성중공업
2021,41431.0,3286.0,2349.0,17.18,2026,8360.0,2028,6720.0,2028,16.16,2026,FnGuide 메인 재무테이블 올해 전망,A064400,LG씨엔에스
2022,49697.0,3854.0,2650.0,17.21,2026,8360.0,2028,6720.0,2028,16.16,2026,FnGuide 메인 재무테이블 올해 전망,A064400,LG씨엔에스
2023,56053.0,4640.0,3324.0,19.05,2026,8360.0,2028,6720.0,2028,16.16,2026,FnGuide 메인 재무테이블 올해 전망,A064400,LG씨엔에스
2024,59826.0,5129.0,3649.0,18.32,2026,8360.0,2028,6720.0,2028,16.16,2026,FnGuide 메인 재무테이블 올해 전망,A064400,LG씨엔에스
2025,61295.0,5518.0,4392.0,17.35,2026,8360.0,2028,6720.0,2028,16.16,2026,FnGuide 메인 재무테이블 올해 전망,A064400,LG씨엔에스
2026,65458.0,6190.0,4957.0,16.16,2026,8360.0,2028,6720.0,2028,16.16,2026,FnGuide 메인 재무테이블 올해 전망,A064400,LG씨엔에스
2027,70803.0,6953.0,5559.0,16.47,2026,8360.0,2028,6720.0,2028,16.16,2026,FnGuide 메인 재무테이블 올해 전망,A064400,LG씨엔에스
2028,78603.0,8360.0,6720.0,17.55,2026,8360.0,2028,6720.0,2028,16.16,2026,FnGuide 메인 재무테이블 올해 전망,A064400,LG씨엔에스
2021,1310.0,88.0,83.0,13.54,2026,4035.0,2028,3182.0,2028,38.82,2026,FnGuide 메인 재무테이블 올해 전망,A257720,실리콘투
2022,1653.0,142.0,112.0,12.21,2026,4035.0,2028,3182.0,2028,38.82,2026,FnGuide 메인 재무테이블 올해 전망,A257720,실리콘투
2023,3429.0,478.0,380.0,32.86,2026,4035.0,2028,3182.0,2028,38.82,2026,FnGuide 메인 재무테이블 올해 전망,A257720,실리콘투
2024,6915.0,1376.0,1207.0,60.9,2026,4035.0,2028,3182.0,2028,38.82,2026,FnGuide 메인 재무테이블 올해 전망,A257720,실리콘투
2025,11163.0,2054.0,1686.0,46.89,2026,4035.0,2028,3182.0,2028,38.82,2026,FnGuide 메인 재무테이블 올해 전망,A257720,실리콘투
2026,14866.0,2696.0,2173.0,38.82,2026,4035.0,2028,3182.0,2028,38.82,2026,FnGuide 메인 재무테이블 올해 전망,A257720,실리콘투
2027,18522.0,3404.0,2727.0,34.46,2026,4035.0,2028,3182.0,2028,38.82,2026,FnGuide 메인 재무테이블 올해 전망,A257720,실리콘투
2028,22299.0,4035.0,3182.0,29.48,2026,4035.0,2028,3182.0,2028,38.82,2026,FnGuide 메인 재무테이블 올해 전망,A257720,실리콘투
2021,55414.0,2771.0,3018.0,9.21,2026,60238.0,2028,46083.0,2028,21.86,2026,FnGuide 메인 재무테이블 올해 전망,A012450,한화에어로스페이스
2022,70604.0,4003.0,1466.0,6.8,2026,60238.0,2028,46083.0,2028,21.86,2026,FnGuide 메인 재무테이블 올해 전망,A012450,한화에어로스페이스
2023,78897.0,5943.0,9769.0,25.6,2026,60238.0,2028,46083.0,2028,21.86,2026,FnGuide 메인 재무테이블 올해 전망,A012450,한화에어로스페이스
2024,112401.0,17319.0,25399.0,53.94,2026,60238.0,2028,46083.0,2028,21.86,2026,FnGuide 메인 재무테이블 올해 전망,A012450,한화에어로스페이스
2025,267029.0,30893.0,22020.0,19.14,2026,60238.0,2028,46083.0,2028,21.86,2026,FnGuide 메인 재무테이블 올해 전망,A012450,한화에어로스페이스
2026,305238.0,42887.0,32355.0,21.86,2026,60238.0,2028,46083.0,2028,21.86,2026,FnGuide 메인 재무테이블 올해 전망,A012450,한화에어로스페이스
2027,342837.0,53057.0,40488.0,22.41,2026,60238.0,2028,46083.0,2028,21.86,2026,FnGuide 메인 재무테이블 올해 전망,A012450,한화에어로스페이스
2028,367768.0,60238.0,46083.0,20.15,2026,60238.0,2028,46083.0,2028,21.86,2026,FnGuide 메인 재무테이블 올해 전망,A012450,한화에어로스페이스
2021,83113.0,-8003.0,-8142.0,-14.87,2026,46010.0,2028,35186.0,2028,25.8,2026,FnGuide 메인 재무테이블 올해 전망,A329180,HD현대중공업
2022,90455.0,-2892.0,-3521.0,-6.47,2026,46010.0,2028,35186.0,2028,25.8,2026,FnGuide 메인 재무테이블 올해 전망,A329180,HD현대중공업
2023,119639.0,1786.0,247.0,0.47,2026,46010.0,2028,35186.0,2028,25.8,2026,FnGuide 메인 재무테이블 올해 전망,A329180,HD현대중공업
2024,144865.0,7052.0,6215.0,11.39,2026,46010.0,2028,35186.0,2028,25.8,2026,FnGuide 메인 재무테이블 올해 전망,A329180,HD현대중공업
2025,175806.0,20375.0,14155.0,18.82,2026,46010.0,2028,35186.0,2028,25.8,2026,FnGuide 메인 재무테이블 올해 전망,A329180,HD현대중공업
2026,239508.0,34595.0,26804.0,25.8,2026,46010.0,2028,35186.0,2028,25.8,2026,FnGuide 메인 재무테이블 올해 전망,A329180,HD현대중공업
2027,259501.0,41848.0,33058.0,25.98,2026,46010.0,2028,35186.0,2028,25.8,2026,FnGuide 메인 재무테이블 올해 전망,A329180,HD현대중공업
2028,276209.0,46010.0,35186.0,23.85,2026,46010.0,2028,35186.0,2028,25.8,2026,FnGuide 메인 재무테이블 올해 전망,A329180,HD현대중공업
2021,154934.0,-13848.0,-11412.0,-8.95,2026,73136.0,2028,58692.0,2028,23.29,2026,FnGuide 메인 재무테이블 올해 전망,A009540,HD한국조선해양
2022,173020.0,-3556.0,-2952.0,-2.22,2026,73136.0,2028,58692.0,2028,23.29,2026,FnGuide 메인 재무테이블 올해 전망,A009540,HD한국조선해양
2023,212962.0,2823.0,1449.0,2.26,2026,73136.0,2028,58692.0,2028,23.29,2026,FnGuide 메인 재무테이블 올해 전망,A009540,HD한국조선해양
2024,255386.0,14341.0,14546.0,11.16,2026,73136.0,2028,58692.0,2028,23.29,2026,FnGuide 메인 재무테이블 올해 전망,A009540,HD한국조선해양
2025,299332.0,39045.0,29284.0,17.78,2026,73136.0,2028,58692.0,2028,23.29,2026,FnGuide 메인 재무테이블 올해 전망,A009540,HD한국조선해양
2026,337981.0,53797.0,41960.0,23.29,2026,73136.0,2028,58692.0,2028,23.29,2026,FnGuide 메인 재무테이블 올해 전망,A009540,HD한국조선해양
2027,368549.0,64828.0,51507.0,24.19,2026,73136.0,2028,58692.0,2028,23.29,2026,FnGuide 메인 재무테이블 올해 전망,A009540,HD한국조선해양
2028,394576.0,73136.0,58692.0,23.5,2026,73136.0,2028,58692.0,2028,23.29,2026,FnGuide 메인 재무테이블 올해 전망,A009540,HD한국조선해양
2021,96750.0,14869.0,9154.0,14.29,2026,25618.0,2028,20667.0,2028,11.33,2026,FnGuide 메인 재무테이블 올해 전망,A009150,삼성전기
2022,94246.0,11828.0,9935.0,13.75,2026,25618.0,2028,20667.0,2028,11.33,2026,FnGuide 메인 재무테이블 올해 전망,A009150,삼성전기
2023,88924.0,6605.0,4505.0,5.5,2026,25618.0,2028,20667.0,2028,11.33,2026,FnGuide 메인 재무테이블 올해 전망,A009150,삼성전기
2024,102941.0,7350.0,7032.0,8.16,2026,25618.0,2028,20667.0,2028,11.33,2026,FnGuide 메인 재무테이블 올해 전망,A009150,삼성전기
2025,113145.0,9133.0,7310.0,7.7,2026,25618.0,2028,20667.0,2028,11.33,2026,FnGuide 메인 재무테이블 올해 전망,A009150,삼성전기
2026,129160.0,14305.0,11719.0,11.33,2026,25618.0,2028,20667.0,2028,11.33,2026,FnGuide 메인 재무테이블 올해 전망,A009150,삼성전기
2027,147424.0,20346.0,16421.0,14.14,2026,25618.0,2028,20667.0,2028,11.33,2026,FnGuide 메인 재무테이블 올해 전망,A009150,삼성전기
2028,165765.0,25618.0,20667.0,15.44,2026,25618.0,2028,20667.0,2028,11.33,2026,FnGuide 메인 재무테이블 올해 전망,A009150,삼성전기
2021,149456.0,12642.0,8883.0,30.94,2026,11550.0,2028,8630.0,2028,10.25,2026,FnGuide 메인 재무테이블 올해 전망,A011070,LG이노텍
2022,195894.0,12718.0,9798.0,25.85,2026,11550.0,2028,8630.0,2028,10.25,2026,FnGuide 메인 재무테이블 올해 전망,A011070,LG이노텍
2023,206053.0,8308.0,5652.0,12.59,2026,11550.0,2028,8630.0,2028,10.25,2026,FnGuide 메인 재무테이블 올해 전망,A011070,LG이노텍
2024,212008.0,7060.0,4493.0,8.92,2026,11550.0,2028,8630.0,2028,10.25,2026,FnGuide 메인 재무테이블 올해 전망,A011070,LG이노텍
2025,218966.0,6650.0,3413.0,6.14,2026,11550.0,2028,8630.0,2028,10.25,2026,FnGuide 메인 재무테이블 올해 전망,A011070,LG이노텍
2026,235393.0,9472.0,6202.0,10.25,2026,11550.0,2028,8630.0,2028,10.25,2026,FnGuide 메인 재무테이블 올해 전망,A011070,LG이노텍
2027,248771.0,10530.0,7364.0,11.0,2026,11550.0,2028,8630.0,2028,10.25,2026,FnGuide 메인 재무테이블 올해 전망,A011070,LG이노텍
2028,261086.0,11550.0,8630.0,11.42,2026,11550.0,2028,8630.0,2028,10.25,2026,FnGuide 메인 재무테이블 올해 전망,A011070,LG이노텍
2021,3732.0,1224.0,1044.0,34.59,2026,4610.0,2027,4750.0,2027,44.7,2026,FnGuide 메인 재무테이블 올해 전망,A042700,한미반도체
2022,3276.0,1119.0,923.0,25.04,2026,4610.0,2027,4750.0,2027,44.7,2026,FnGuide 메인 재무테이블 올해 전망,A042700,한미반도체
2023,1590.0,346.0,2672.0,55.54,2026,4610.0,2027,4750.0,2027,44.7,2026,FnGuide 메인 재무테이블 올해 전망,A042700,한미반도체
2024,5589.0,2554.0,1526.0,27.43,2026,4610.0,2027,4750.0,2027,44.7,2026,FnGuide 메인 재무테이블 올해 전망,A042700,한미반도체
2025,5767.0,2514.0,2140.0,34.76,2026,4610.0,2027,4750.0,2027,44.7,2026,FnGuide 메인 재무테이블 올해 전망,A042700,한미반도체
2026,8260.0,4070.0,4030.0,44.7,2026,4610.0,2027,4750.0,2027,44.7,2026,FnGuide 메인 재무테이블 올해 전망,A042700,한미반도체
2027,9070.0,4610.0,4750.0,36.09,2026,4610.0,2027,4750.0,2027,44.7,2026,FnGuide 메인 재무테이블 올해 전망,A042700,한미반도체
2028,,,,,2026,4610.0,2027,4750.0,2027,44.7,2026,FnGuide 메인 재무테이블 올해 전망,A042700,한미반도체
2021,10239.0,1888.0,1522.0,26.28,2026,3173.0,2028,2526.0,2028,14.15,2026,FnGuide 메인 재무테이블 올해 전망,A357780,솔브레인
2022,10909.0,2071.0,1677.0,23.03,2026,3173.0,2028,2526.0,2028,14.15,2026,FnGuide 메인 재무테이블 올해 전망,A357780,솔브레인
2023,8440.0,1335.0,1310.0,15.61,2026,3173.0,2028,2526.0,2028,14.15,2026,FnGuide 메인 재무테이블 올해 전망,A357780,솔브레인
2024,8634.0,1679.0,1196.0,12.47,2026,3173.0,2028,2526.0,2028,14.15,2026,FnGuide 메인 재무테이블 올해 전망,A357780,솔브레인
2025,9234.0,1336.0,840.0,7.66,2026,3173.0,2028,2526.0,2028,14.15,2026,FnGuide 메인 재무테이블 올해 전망,A357780,솔브레인
2026,10741.0,2028.0,1641.0,14.15,2026,3173.0,2028,2526.0,2028,14.15,2026,FnGuide 메인 재무테이블 올해 전망,A357780,솔브레인
2027,12595.0,2569.0,2067.0,15.49,2026,3173.0,2028,2526.0,2028,14.15,2026,FnGuide 메인 재무테이블 올해 전망,A357780,솔브레인
2028,14974.0,3173.0,2526.0,16.39,2026,3173.0,2028,2526.0,2028,14.15,2026,FnGuide 메인 재무테이블 올해 전망,A357780,솔브레인
2021,48631.0,3434.0,1809.0,4.2,2026,5928.0,2028,4566.0,2028,6.28,2026,FnGuide 메인 재무테이블 올해 전망,A090430,아모레퍼시픽
2022,41349.0,2142.0,1293.0,2.81,2026,5928.0,2028,4566.0,2028,6.28,2026,FnGuide 메인 재무테이블 올해 전망,A090430,아모레퍼시픽
2023,36740.0,1082.0,1739.0,3.71,2026,5928.0,2028,4566.0,2028,6.28,2026,FnGuide 메인 재무테이블 올해 전망,A090430,아모레퍼시픽
2024,38851.0,2205.0,6016.0,11.69,2026,5928.0,2028,4566.0,2028,6.28,2026,FnGuide 메인 재무테이블 올해 전망,A090430,아모레퍼시픽
2025,42528.0,3358.0,2473.0,4.4,2026,5928.0,2028,4566.0,2028,6.28,2026,FnGuide 메인 재무테이블 올해 전망,A090430,아모레퍼시픽
2026,45472.0,4512.0,3561.0,6.28,2026,5928.0,2028,4566.0,2028,6.28,2026,FnGuide 메인 재무테이블 올해 전망,A090430,아모레퍼시픽
2027,48742.0,5122.0,4029.0,6.75,2026,5928.0,2028,4566.0,2028,6.28,2026,FnGuide 메인 재무테이블 올해 전망,A090430,아모레퍼시픽
2028,50998.0,5928.0,4566.0,7.17,2026,5928.0,2028,4566.0,2028,6.28,2026,FnGuide 메인 재무테이블 올해 전망,A090430,아모레퍼시픽
2021,152109.0,60976.0,43844.0,9.8,2026,95902.0,2028,69328.0,2028,10.39,2026,FnGuide 메인 재무테이블 올해 전망,A105560,KB금융
2022,207876.0,52892.0,39314.0,8.28,2026,95902.0,2028,69328.0,2028,10.39,2026,FnGuide 메인 재무테이블 올해 전망,A105560,KB금융
2023,291420.0,63850.0,45263.0,8.39,2026,95902.0,2028,69328.0,2028,10.39,2026,FnGuide 메인 재무테이블 올해 전망,A105560,KB금융
2024,304914.0,80453.0,50286.0,8.86,2026,95902.0,2028,69328.0,2028,10.39,2026,FnGuide 메인 재무테이블 올해 전망,A105560,KB금융
2025,291561.0,85177.0,58407.0,9.98,2026,95902.0,2028,69328.0,2028,10.39,2026,FnGuide 메인 재무테이블 올해 전망,A105560,KB금융
2026,301441.0,87509.0,62720.0,10.39,2026,95902.0,2028,69328.0,2028,10.39,2026,FnGuide 메인 재무테이블 올해 전망,A105560,KB금융
2027,313799.0,91261.0,65573.0,10.39,2026,95902.0,2028,69328.0,2028,10.39,2026,FnGuide 메인 재무테이블 올해 전망,A105560,KB금융
2028,334380.0,95902.0,69328.0,10.47,2026,95902.0,2028,69328.0,2028,10.39,2026,FnGuide 메인 재무테이블 올해 전망,A105560,KB금융
2021,147242.0,59521.0,41126.0,8.8,2026,85866.0,2028,63670.0,2028,9.15,2026,FnGuide 메인 재무테이블 올해 전망,A055550,신한지주
2022,200923.0,59056.0,47555.0,9.52,2026,85866.0,2028,63670.0,2028,9.15,2026,FnGuide 메인 재무테이블 올해 전망,A055550,신한지주
2023,275792.0,61009.0,44780.0,8.36,2026,85866.0,2028,63670.0,2028,9.15,2026,FnGuide 메인 재무테이블 올해 전망,A055550,신한지주
2024,292093.0,64587.0,45582.0,8.11,2026,85866.0,2028,63670.0,2028,9.15,2026,FnGuide 메인 재무테이블 올해 전망,A055550,신한지주
2025,279888.0,70234.0,50845.0,8.72,2026,85866.0,2028,63670.0,2028,9.15,2026,FnGuide 메인 재무테이블 올해 전망,A055550,신한지주
2026,280869.0,75001.0,55202.0,9.15,2026,85866.0,2028,63670.0,2028,9.15,2026,FnGuide 메인 재무테이블 올해 전망,A055550,신한지주
2027,293129.0,79614.0,58470.0,9.24,2026,85866.0,2028,63670.0,2028,9.15,2026,FnGuide 메인 재무테이블 올해 전망,A055550,신한지주
2028,283405.0,85866.0,63670.0,9.51,2026,85866.0,2028,63670.0,2028,9.15,2026,FnGuide 메인 재무테이블 올해 전망,A055550,신한지주
2021,108675.0,46311.0,35816.0,10.86,2026,67418.0,2028,50168.0,2028,9.34,2026,FnGuide 메인 재무테이블 올해 전망,A086790,하나금융지주
2022,159847.0,46883.0,36394.0,10.08,2026,67418.0,2028,50168.0,2028,9.34,2026,FnGuide 메인 재무테이블 올해 전망,A086790,하나금융지주
2023,232759.0,46934.0,34684.0,9.01,2026,67418.0,2028,50168.0,2028,9.34,2026,FnGuide 메인 재무테이블 올해 전망,A086790,하나금융지주
2024,241166.0,48552.0,37685.0,9.11,2026,67418.0,2028,50168.0,2028,9.34,2026,FnGuide 메인 재무테이블 올해 전망,A086790,하나금융지주
2025,224597.0,53509.0,40366.0,9.17,2026,67418.0,2028,50168.0,2028,9.34,2026,FnGuide 메인 재무테이블 올해 전망,A086790,하나금융지주
2026,236220.0,58012.0,42870.0,9.34,2026,67418.0,2028,50168.0,2028,9.34,2026,FnGuide 메인 재무테이블 올해 전망,A086790,하나금융지주
2027,246002.0,61200.0,45082.0,9.32,2026,67418.0,2028,50168.0,2028,9.34,2026,FnGuide 메인 재무테이블 올해 전망,A086790,하나금융지주
2028,254720.0,67418.0,50168.0,9.75,2026,67418.0,2028,50168.0,2028,9.34,2026,FnGuide 메인 재무테이블 올해 전망,A086790,하나금융지주
2021,,17010.0,15977.0,3.69,2026,29575.0,2028,28575.0,2028,3.53,2026,FnGuide 메인 재무테이블 올해 전망,A032830,삼성생명
2022,,21807.0,23076.0,5.6,2026,29575.0,2028,28575.0,2028,3.53,2026,FnGuide 메인 재무테이블 올해 전망,A032830,삼성생명
2023,,23984.0,20337.0,4.62,2026,29575.0,2028,28575.0,2028,3.53,2026,FnGuide 메인 재무테이블 올해 전망,A032830,삼성생명
2024,,24998.0,22603.0,5.37,2026,29575.0,2028,28575.0,2028,3.53,2026,FnGuide 메인 재무테이블 올해 전망,A032830,삼성생명
2025,,25805.0,24515.0,4.66,2026,29575.0,2028,28575.0,2028,3.53,2026,FnGuide 메인 재무테이블 올해 전망,A032830,삼성생명
2026,,29658.0,25954.0,3.53,2026,29575.0,2028,28575.0,2028,3.53,2026,FnGuide 메인 재무테이블 올해 전망,A032830,삼성생명
2027,,32090.0,27192.0,3.47,2026,29575.0,2028,28575.0,2028,3.53,2026,FnGuide 메인 재무테이블 올해 전망,A032830,삼성생명
2028,,29575.0,28575.0,3.24,2026,29575.0,2028,28575.0,2028,3.53,2026,FnGuide 메인 재무테이블 올해 전망,A032830,삼성생명
2021,29767.0,14855.0,11834.0,11.66,2026,29016.0,2028,19065.0,2028,17.79,2026,FnGuide 메인 재무테이블 올해 전망,A006800,미래에셋증권
2022,21760.0,8356.0,7061.0,6.39,2026,29016.0,2028,19065.0,2028,17.79,2026,FnGuide 메인 재무테이블 올해 전망,A006800,미래에셋증권
2023,18874.0,5210.0,3332.0,2.92,2026,29016.0,2028,19065.0,2028,17.79,2026,FnGuide 메인 재무테이블 올해 전망,A006800,미래에셋증권
2024,28315.0,11881.0,9255.0,7.94,2026,29016.0,2028,19065.0,2028,17.79,2026,FnGuide 메인 재무테이블 올해 전망,A006800,미래에셋증권
2025,39094.0,19151.0,15829.0,12.36,2026,29016.0,2028,19065.0,2028,17.79,2026,FnGuide 메인 재무테이블 올해 전망,A006800,미래에셋증권
2026,52114.0,31240.0,24639.0,17.79,2026,29016.0,2028,19065.0,2028,17.79,2026,FnGuide 메인 재무테이블 올해 전망,A006800,미래에셋증권
2027,46927.0,25170.0,18968.0,11.99,2026,29016.0,2028,19065.0,2028,17.79,2026,FnGuide 메인 재무테이블 올해 전망,A006800,미래에셋증권
2028,51641.0,29016.0,19065.0,11.77,2026,29016.0,2028,19065.0,2028,17.79,2026,FnGuide 메인 재무테이블 올해 전망,A006800,미래에셋증권
2021,16725.0,15210.0,17646.0,27.12,2026,30788.0,2028,24237.0,2028,17.81,2026,FnGuide 메인 재무테이블 올해 전망,A071050,한국금융지주
2022,23269.0,5458.0,6398.0,8.45,2026,30788.0,2028,24237.0,2028,17.81,2026,FnGuide 메인 재무테이블 올해 전망,A071050,한국금융지주
2023,32725.0,8204.0,7081.0,8.81,2026,30788.0,2028,24237.0,2028,17.81,2026,FnGuide 메인 재무테이블 올해 전망,A071050,한국금융지주
2024,37361.0,11997.0,10459.0,11.54,2026,30788.0,2028,24237.0,2028,17.81,2026,FnGuide 메인 재무테이블 올해 전망,A071050,한국금융지주
2025,40358.0,23453.0,20244.0,18.66,2026,30788.0,2028,24237.0,2028,17.81,2026,FnGuide 메인 재무테이블 올해 전망,A071050,한국금융지주
2026,43140.0,28116.0,22311.0,17.81,2026,30788.0,2028,24237.0,2028,17.81,2026,FnGuide 메인 재무테이블 올해 전망,A071050,한국금융지주
2027,44520.0,27788.0,22084.0,15.66,2026,30788.0,2028,24237.0,2028,17.81,2026,FnGuide 메인 재무테이블 올해 전망,A071050,한국금융지주
2028,46050.0,30788.0,24237.0,15.88,2026,30788.0,2028,24237.0,2028,17.81,2026,FnGuide 메인 재무테이블 올해 전망,A071050,한국금융지주
2021,98947.0,36597.0,28074.0,10.59,2026,54125.0,2028,39638.0,2028,8.9,2026,FnGuide 메인 재무테이블 올해 전망,A316140,우리금융지주
2022,146545.0,44305.0,33240.0,11.51,2026,54125.0,2028,39638.0,2028,8.9,2026,FnGuide 메인 재무테이블 올해 전망,A316140,우리금융지주
2023,206416.0,34990.0,26269.0,8.3,2026,54125.0,2028,39638.0,2028,8.9,2026,FnGuide 메인 재무테이블 올해 전망,A316140,우리금융지주
2024,220133.0,42552.0,31715.0,9.39,2026,54125.0,2028,39638.0,2028,8.9,2026,FnGuide 메인 재무테이블 올해 전망,A316140,우리금융지주
2025,211887.0,36748.0,32275.0,8.91,2026,54125.0,2028,39638.0,2028,8.9,2026,FnGuide 메인 재무테이블 올해 전망,A316140,우리금융지주
2026,227339.0,45619.0,34142.0,8.9,2026,54125.0,2028,39638.0,2028,8.9,2026,FnGuide 메인 재무테이블 올해 전망,A316140,우리금융지주
2027,238865.0,49150.0,36332.0,9.06,2026,54125.0,2028,39638.0,2028,8.9,2026,FnGuide 메인 재무테이블 올해 전망,A316140,우리금융지주
2028,267670.0,54125.0,39638.0,9.16,2026,54125.0,2028,39638.0,2028,8.9,2026,FnGuide 메인 재무테이블 올해 전망,A316140,우리금융지주
2021,19125.0,17950.0,13832.0,22.33,2026,35380.0,2028,26760.0,2028,22.25,2026,FnGuide 메인 재무테이블 올해 전망,A138040,메리츠금융지주
2022,29412.0,28932.0,21333.0,32.12,2026,35380.0,2028,26760.0,2028,22.25,2026,FnGuide 메인 재무테이블 올해 전망,A138040,메리츠금융지주
2023,39039.0,29335.0,21254.0,28.11,2026,35380.0,2028,26760.0,2028,22.25,2026,FnGuide 메인 재무테이블 올해 전망,A138040,메리츠금융지주
2024,40217.0,31889.0,23334.0,23.44,2026,35380.0,2028,26760.0,2028,22.25,2026,FnGuide 메인 재무테이블 올해 전망,A138040,메리츠금융지주
2025,41459.0,28727.0,23501.0,22.53,2026,35380.0,2028,26760.0,2028,22.25,2026,FnGuide 메인 재무테이블 올해 전망,A138040,메리츠금융지주
2026,42508.0,32895.0,25370.0,22.25,2026,35380.0,2028,26760.0,2028,22.25,2026,FnGuide 메인 재무테이블 올해 전망,A138040,메리츠금융지주
2027,45090.0,34572.0,26503.0,20.32,2026,35380.0,2028,26760.0,2028,22.25,2026,FnGuide 메인 재무테이블 올해 전망,A138040,메리츠금융지주
2028,,35380.0,26760.0,20.01,2026,35380.0,2028,26760.0,2028,22.25,2026,FnGuide 메인 재무테이블 올해 전망,A138040,메리츠금융지주
2021,167486.0,13872.0,24190.0,13.63,2026,21451.0,2028,14420.0,2028,9.39,2026,FnGuide 메인 재무테이블 올해 전망,A017670,SK텔레콤
2022,173050.0,16121.0,9478.0,7.97,2026,21451.0,2028,14420.0,2028,9.39,2026,FnGuide 메인 재무테이블 올해 전망,A017670,SK텔레콤
2023,176085.0,17532.0,11459.0,9.63,2026,21451.0,2028,14420.0,2028,9.39,2026,FnGuide 메인 재무테이블 올해 전망,A017670,SK텔레콤
2024,179406.0,18234.0,13871.0,10.83,2026,21451.0,2028,14420.0,2028,9.39,2026,FnGuide 메인 재무테이블 올해 전망,A017670,SK텔레콤
2025,170992.0,10732.0,3751.0,3.33,2026,21451.0,2028,14420.0,2028,9.39,2026,FnGuide 메인 재무테이블 올해 전망,A017670,SK텔레콤
2026,177339.0,18945.0,12441.0,9.39,2026,21451.0,2028,14420.0,2028,9.39,2026,FnGuide 메인 재무테이블 올해 전망,A017670,SK텔레콤
2027,180969.0,20187.0,13225.0,9.68,2026,21451.0,2028,14420.0,2028,9.39,2026,FnGuide 메인 재무테이블 올해 전망,A017670,SK텔레콤
2028,184901.0,21451.0,14420.0,9.68,2026,21451.0,2028,14420.0,2028,9.39,2026,FnGuide 메인 재무테이블 올해 전망,A017670,SK텔레콤
2021,248980.0,16718.0,14594.0,9.36,2026,23648.0,2028,17461.0,2028,8.1,2026,FnGuide 메인 재무테이블 올해 전망,A030200,KT
2022,256500.0,16901.0,13877.0,7.99,2026,23648.0,2028,17461.0,2028,8.1,2026,FnGuide 메인 재무테이블 올해 전망,A030200,KT
2023,263763.0,16498.0,9887.0,6.05,2026,23648.0,2028,17461.0,2028,8.1,2026,FnGuide 메인 재무테이블 올해 전망,A030200,KT
2024,264312.0,8095.0,4171.0,2.85,2026,23648.0,2028,17461.0,2028,8.1,2026,FnGuide 메인 재무테이블 올해 전망,A030200,KT
2025,282442.0,24691.0,18368.0,10.22,2026,23648.0,2028,17461.0,2028,8.1,2026,FnGuide 메인 재무테이블 올해 전망,A030200,KT
2026,277772.0,21309.0,15280.0,8.1,2026,23648.0,2028,17461.0,2028,8.1,2026,FnGuide 메인 재무테이블 올해 전망,A030200,KT
2027,282518.0,22833.0,16413.0,8.36,2026,23648.0,2028,17461.0,2028,8.1,2026,FnGuide 메인 재무테이블 올해 전망,A030200,KT
2028,290144.0,23648.0,17461.0,8.35,2026,23648.0,2028,17461.0,2028,8.1,2026,FnGuide 메인 재무테이블 올해 전망,A030200,KT
2021,90168.0,14180.0,5788.0,11.6,2026,25197.0,2028,15724.0,2028,1.69,2026,FnGuide 메인 재무테이블 올해 전망,A003490,대한항공
2022,140961.0,28306.0,17295.0,21.95,2026,25197.0,2028,15724.0,2028,1.69,2026,FnGuide 메인 재무테이블 올해 전망,A003490,대한항공
2023,161118.0,17901.0,11291.0,11.46,2026,25197.0,2028,15724.0,2028,1.69,2026,FnGuide 메인 재무테이블 올해 전망,A003490,대한항공
2024,178707.0,21102.0,13819.0,13.17,2026,25197.0,2028,15724.0,2028,1.69,2026,FnGuide 메인 재무테이블 올해 전망,A003490,대한항공
2025,252255.0,11136.0,6473.0,7.28,2026,25197.0,2028,15724.0,2028,1.69,2026,FnGuide 메인 재무테이블 올해 전망,A003490,대한항공
2026,271173.0,7544.0,1585.0,1.69,2026,25197.0,2028,15724.0,2028,1.69,2026,FnGuide 메인 재무테이블 올해 전망,A003490,대한항공
2027,269656.0,20360.0,11843.0,10.47,2026,25197.0,2028,15724.0,2028,1.69,2026,FnGuide 메인 재무테이블 올해 전망,A003490,대한항공
2028,281374.0,25197.0,15724.0,12.87,2026,25197.0,2028,15724.0,2028,1.69,2026,FnGuide 메인 재무테이블 올해 전망,A003490,대한항공
2021,11464.0,4198.0,3632.0,,2026,303758.0,2028,278610.0,2028,68.18,2026,FnGuide 메인 재무테이블 올해 전망,A402340,SK스퀘어
2022,28442.0,161.0,2561.0,1.55,2026,303758.0,2028,278610.0,2028,68.18,2026,FnGuide 메인 재무테이블 올해 전망,A402340,SK스퀘어
2023,22785.0,-23397.0,-13148.0,-8.04,2026,303758.0,2028,278610.0,2028,68.18,2026,FnGuide 메인 재무테이블 올해 전망,A402340,SK스퀘어
2024,58818.0,39206.0,36505.0,21.7,2026,303758.0,2028,278610.0,2028,68.18,2026,FnGuide 메인 재무테이블 올해 전망,A402340,SK스퀘어
2025,104556.0,87974.0,88187.0,37.82,2026,303758.0,2028,278610.0,2028,68.18,2026,FnGuide 메인 재무테이블 올해 전망,A402340,SK스퀘어
2026,55230.0,264013.0,241487.0,68.18,2026,303758.0,2028,278610.0,2028,68.18,2026,FnGuide 메인 재무테이블 올해 전망,A402340,SK스퀘어
2027,64535.0,288042.0,262602.0,48.91,2026,303758.0,2028,278610.0,2028,68.18,2026,FnGuide 메인 재무테이블 올해 전망,A402340,SK스퀘어
2028,106660.0,303758.0,278610.0,37.91,2026,303758.0,2028,278610.0,2028,68.18,2026,FnGuide 메인 재무테이블 올해 전망,A402340,SK스퀘어
2021,344552.0,11960.0,18291.0,5.41,2026,47932.0,2028,43262.0,2028,5.35,2026,FnGuide 메인 재무테이블 올해 전망,A028260,삼성물산
2022,431617.0,25285.0,25450.0,7.16,2026,47932.0,2028,43262.0,2028,5.35,2026,FnGuide 메인 재무테이블 올해 전망,A028260,삼성물산
2023,418957.0,28702.0,27191.0,7.28,2026,47932.0,2028,43262.0,2028,5.35,2026,FnGuide 메인 재무테이블 올해 전망,A028260,삼성물산
2024,421032.0,29834.0,27720.0,6.83,2026,47932.0,2028,43262.0,2028,5.35,2026,FnGuide 메인 재무테이블 올해 전망,A028260,삼성물산
2025,407422.0,32927.0,39067.0,6.02,2026,47932.0,2028,43262.0,2028,5.35,2026,FnGuide 메인 재무테이블 올해 전망,A028260,삼성물산
2026,444446.0,39286.0,36820.0,5.35,2026,47932.0,2028,43262.0,2028,5.35,2026,FnGuide 메인 재무테이블 올해 전망,A028260,삼성물산
2027,473921.0,44226.0,40983.0,6.16,2026,47932.0,2028,43262.0,2028,5.35,2026,FnGuide 메인 재무테이블 올해 전망,A028260,삼성물산
2028,495220.0,47932.0,43262.0,6.47,2026,47932.0,2028,43262.0,2028,5.35,2026,FnGuide 메인 재무테이블 올해 전망,A028260,삼성물산
2021,18060.0,97.0,-337.0,-5.08,2026,19744.0,2028,15415.0,2028,40.85,2026,FnGuide 메인 재무테이블 올해 전망,A267260,HD현대일렉트릭
2022,21045.0,1330.0,1620.0,22.12,2026,19744.0,2028,15415.0,2028,40.85,2026,FnGuide 메인 재무테이블 올해 전망,A267260,HD현대일렉트릭
2023,27028.0,3152.0,2595.0,27.71,2026,19744.0,2028,15415.0,2028,40.85,2026,FnGuide 메인 재무테이블 올해 전망,A267260,HD현대일렉트릭
2024,33223.0,6690.0,4984.0,39.34,2026,19744.0,2028,15415.0,2028,40.85,2026,FnGuide 메인 재무테이블 올해 전망,A267260,HD현대일렉트릭
2025,40795.0,9953.0,7318.0,41.5,2026,19744.0,2028,15415.0,2028,40.85,2026,FnGuide 메인 재무테이블 올해 전망,A267260,HD현대일렉트릭
2026,47262.0,12544.0,9735.0,40.85,2026,19744.0,2028,15415.0,2028,40.85,2026,FnGuide 메인 재무테이블 올해 전망,A267260,HD현대일렉트릭
2027,55194.0,15536.0,12082.0,37.82,2026,19744.0,2028,15415.0,2028,40.85,2026,FnGuide 메인 재무테이블 올해 전망,A267260,HD현대일렉트릭
2028,67784.0,19744.0,15415.0,36.55,2026,19744.0,2028,15415.0,2028,40.85,2026,FnGuide 메인 재무테이블 올해 전망,A267260,HD현대일렉트릭
2021,417022.0,20401.0,23625.0,6.87,2026,45716.0,2028,49783.0,2028,8.55,2026,FnGuide 메인 재무테이블 올해 전망,A012330,현대모비스
2022,519063.0,20265.0,24872.0,6.8,2026,45716.0,2028,49783.0,2028,8.55,2026,FnGuide 메인 재무테이블 올해 전망,A012330,현대모비스
2023,592544.0,22953.0,34233.0,8.73,2026,45716.0,2028,49783.0,2028,8.55,2026,FnGuide 메인 재무테이블 올해 전망,A012330,현대모비스
2024,572370.0,30735.0,40602.0,9.35,2026,45716.0,2028,49783.0,2028,8.55,2026,FnGuide 메인 재무테이블 올해 전망,A012330,현대모비스
2025,611181.0,33575.0,36647.0,7.68,2026,45716.0,2028,49783.0,2028,8.55,2026,FnGuide 메인 재무테이블 올해 전망,A012330,현대모비스
2026,651492.0,37668.0,43770.0,8.55,2026,45716.0,2028,49783.0,2028,8.55,2026,FnGuide 메인 재무테이블 올해 전망,A012330,현대모비스
2027,697135.0,42571.0,48218.0,8.73,2026,45716.0,2028,49783.0,2028,8.55,2026,FnGuide 메인 재무테이블 올해 전망,A012330,현대모비스
2028,743485.0,45716.0,49783.0,8.39,2026,45716.0,2028,49783.0,2028,8.55,2026,FnGuide 메인 재무테이블 올해 전망,A012330,현대모비스
2021,99768.0,10961.0,8111.0,11.07,2026,21279.0,2028,13471.0,2028,12.11,2026,FnGuide 메인 재무테이블 올해 전망,A010130,고려아연
2022,112194.0,9192.0,7983.0,9.38,2026,21279.0,2028,13471.0,2028,12.11,2026,FnGuide 메인 재무테이블 올해 전망,A010130,고려아연
2023,97045.0,6599.0,5334.0,5.72,2026,21279.0,2028,13471.0,2028,12.11,2026,FnGuide 메인 재무테이블 올해 전망,A010130,고려아연
2024,120529.0,7235.0,1948.0,2.28,2026,21279.0,2028,13471.0,2028,12.11,2026,FnGuide 메인 재무테이블 올해 전망,A010130,고려아연
2025,165879.0,12319.0,7702.0,8.48,2026,21279.0,2028,13471.0,2028,12.11,2026,FnGuide 메인 재무테이블 올해 전망,A010130,고려아연
2026,218195.0,20726.0,14057.0,12.11,2026,21279.0,2028,13471.0,2028,12.11,2026,FnGuide 메인 재무테이블 올해 전망,A010130,고려아연
2027,228522.0,20574.0,13543.0,10.57,2026,21279.0,2028,13471.0,2028,12.11,2026,FnGuide 메인 재무테이블 올해 전망,A010130,고려아연
2028,241852.0,21279.0,13471.0,9.71,2026,21279.0,2028,13471.0,2028,12.11,2026,FnGuide 메인 재무테이블 올해 전망,A010130,고려아연
2021,26683.0,1551.0,853.0,5.86,2026,11579.0,2028,8559.0,2028,21.56,2026,FnGuide 메인 재무테이블 올해 전망,A010120,LS ELECTRIC
2022,33771.0,1875.0,912.0,5.95,2026,11579.0,2028,8559.0,2028,21.56,2026,FnGuide 메인 재무테이블 올해 전망,A010120,LS ELECTRIC
2023,42305.0,3249.0,2077.0,12.61,2026,11579.0,2028,8559.0,2028,21.56,2026,FnGuide 메인 재무테이블 올해 전망,A010120,LS ELECTRIC
2024,45518.0,3897.0,2422.0,13.44,2026,11579.0,2028,8559.0,2028,21.56,2026,FnGuide 메인 재무테이블 올해 전망,A010120,LS ELECTRIC
2025,49658.0,4264.0,2843.0,14.67,2026,11579.0,2028,8559.0,2028,21.56,2026,FnGuide 메인 재무테이블 올해 전망,A010120,LS ELECTRIC
2026,60684.0,6422.0,4865.0,21.56,2026,11579.0,2028,8559.0,2028,21.56,2026,FnGuide 메인 재무테이블 올해 전망,A010120,LS ELECTRIC
2027,71100.0,8754.0,6444.0,23.99,2026,11579.0,2028,8559.0,2028,21.56,2026,FnGuide 메인 재무테이블 올해 전망,A010120,LS ELECTRIC
2028,82787.0,11579.0,8559.0,26.48,2026,11579.0,2028,8559.0,2028,21.56,2026,FnGuide 메인 재무테이블 올해 전망,A010120,LS ELECTRIC
2021,30947.0,1201.0,765.0,6.35,2026,19491.0,2028,14884.0,2028,29.4,2026,FnGuide 메인 재무테이블 올해 전망,A298040,효성중공업
2022,35101.0,1432.0,291.0,1.07,2026,19491.0,2028,14884.0,2028,29.4,2026,FnGuide 메인 재무테이블 올해 전망,A298040,효성중공업
2023,43006.0,2578.0,1319.0,11.29,2026,19491.0,2028,14884.0,2028,29.4,2026,FnGuide 메인 재무테이블 올해 전망,A298040,효성중공업
2024,48950.0,3625.0,2229.0,14.9,2026,19491.0,2028,14884.0,2028,29.4,2026,FnGuide 메인 재무테이블 올해 전망,A298040,효성중공업
2025,59685.0,7470.0,5028.0,24.41,2026,19491.0,2028,14884.0,2028,29.4,2026,FnGuide 메인 재무테이블 올해 전망,A298040,효성중공업
2026,70065.0,10840.0,7771.0,29.4,2026,19491.0,2028,14884.0,2028,29.4,2026,FnGuide 메인 재무테이블 올해 전망,A298040,효성중공업
2027,81975.0,14874.0,11158.0,31.95,2026,19491.0,2028,14884.0,2028,29.4,2026,FnGuide 메인 재무테이블 올해 전망,A298040,효성중공업
2028,97380.0,19491.0,14884.0,31.54,2026,19491.0,2028,14884.0,2028,29.4,2026,FnGuide 메인 재무테이블 올해 전망,A298040,효성중공업
2021,387.0,-152.0,-116.0,-6.42,2026,5430.0,2027,4472.0,2027,50.87,2026,FnGuide 메인 재무테이블 올해 전망,A196170,알테오젠
2022,288.0,-294.0,-101.0,-5.75,2026,5430.0,2027,4472.0,2027,50.87,2026,FnGuide 메인 재무테이블 올해 전망,A196170,알테오젠
2023,965.0,-97.0,-36.0,-2.27,2026,5430.0,2027,4472.0,2027,50.87,2026,FnGuide 메인 재무테이블 올해 전망,A196170,알테오젠
2024,1029.0,254.0,607.0,29.52,2026,5430.0,2027,4472.0,2027,50.87,2026,FnGuide 메인 재무테이블 올해 전망,A196170,알테오젠
2025,2159.0,1069.0,1452.0,39.42,2026,5430.0,2027,4472.0,2027,50.87,2026,FnGuide 메인 재무테이블 올해 전망,A196170,알테오젠
2026,5253.0,3252.0,2649.0,50.87,2026,5430.0,2027,4472.0,2027,50.87,2026,FnGuide 메인 재무테이블 올해 전망,A196170,알테오젠
2027,10448.0,5430.0,4472.0,53.92,2026,5430.0,2027,4472.0,2027,50.87,2026,FnGuide 메인 재무테이블 올해 전망,A196170,알테오젠
2028,,,,,2026,5430.0,2027,4472.0,2027,50.87,2026,FnGuide 메인 재무테이블 올해 전망,A196170,알테오젠
2021,1673.0,-153.0,-104.0,-9.18,2026,2840.0,2028,2290.0,2028,1.94,2025,FnGuide 메인 재무테이블 작년 확정,A000250,삼천당제약
2022,1773.0,122.0,88.0,3.36,2026,2840.0,2028,2290.0,2028,1.94,2025,FnGuide 메인 재무테이블 작년 확정,A000250,삼천당제약
2023,1927.0,96.0,-42.0,-5.27,2026,2840.0,2028,2290.0,2028,1.94,2025,FnGuide 메인 재무테이블 작년 확정,A000250,삼천당제약
2024,2109.0,26.0,-51.0,-4.49,2026,2840.0,2028,2290.0,2028,1.94,2025,FnGuide 메인 재무테이블 작년 확정,A000250,삼천당제약
2025,2318.0,85.0,120.0,1.94,2026,2840.0,2028,2290.0,2028,1.94,2025,FnGuide 메인 재무테이블 작년 확정,A000250,삼천당제약
2026,2350.0,450.0,390.0,,2026,2840.0,2028,2290.0,2028,1.94,2025,FnGuide 메인 재무테이블 작년 확정,A000250,삼천당제약
2027,5020.0,2810.0,2260.0,,2026,2840.0,2028,2290.0,2028,1.94,2025,FnGuide 메인 재무테이블 작년 확정,A000250,삼천당제약
2028,5070.0,2840.0,2290.0,,2026,2840.0,2028,2290.0,2028,1.94,2025,FnGuide 메인 재무테이블 작년 확정,A000250,삼천당제약
2021,53.0,-523.0,-436.0,-59.42,2026,-1580.0,2028,156.0,2027,-20.04,2026,FnGuide 메인 재무테이블 올해 전망,A298380,에이비엘바이오
2022,673.0,9.0,32.0,5.11,2026,-1580.0,2028,156.0,2027,-20.04,2026,FnGuide 메인 재무테이블 올해 전망,A298380,에이비엘바이오
2023,655.0,-26.0,-26.0,-3.69,2026,-1580.0,2028,156.0,2027,-20.04,2026,FnGuide 메인 재무테이블 올해 전망,A298380,에이비엘바이오
2024,334.0,-594.0,-555.0,-46.01,2026,-1580.0,2028,156.0,2027,-20.04,2026,FnGuide 메인 재무테이블 올해 전망,A298380,에이비엘바이오
2025,794.0,-404.0,-379.0,-23.48,2026,-1580.0,2028,156.0,2027,-20.04,2026,FnGuide 메인 재무테이블 올해 전망,A298380,에이비엘바이오
2026,1048.0,-319.0,-311.0,-20.04,2026,-1580.0,2028,156.0,2027,-20.04,2026,FnGuide 메인 재무테이블 올해 전망,A298380,에이비엘바이오
2027,1462.0,143.0,156.0,9.05,2026,-1580.0,2028,156.0,2027,-20.04,2026,FnGuide 메인 재무테이블 올해 전망,A298380,에이비엘바이오
2028,700.0,-1580.0,,-82.51,2026,-1580.0,2028,156.0,2027,-20.04,2026,FnGuide 메인 재무테이블 올해 전망,A298380,에이비엘바이오
2021,322.0,-277.0,-234.0,-12.61,2026,2360.0,2028,504.0,2027,5.91,2026,FnGuide 메인 재무테이블 올해 전망,A141080,리가켐바이오
2022,334.0,-504.0,-451.0,-18.85,2026,2360.0,2028,504.0,2027,5.91,2026,FnGuide 메인 재무테이블 올해 전망,A141080,리가켐바이오
2023,341.0,-808.0,-737.0,-40.08,2026,2360.0,2028,504.0,2027,5.91,2026,FnGuide 메인 재무테이블 올해 전망,A141080,리가켐바이오
2024,1259.0,-209.0,78.0,2.04,2026,2360.0,2028,504.0,2027,5.91,2026,FnGuide 메인 재무테이블 올해 전망,A141080,리가켐바이오
2025,1416.0,-1065.0,-916.0,-13.22,2026,2360.0,2028,504.0,2027,5.91,2026,FnGuide 메인 재무테이블 올해 전망,A141080,리가켐바이오
2026,2179.0,85.0,319.0,5.91,2026,2360.0,2028,504.0,2027,5.91,2026,FnGuide 메인 재무테이블 올해 전망,A141080,리가켐바이오
2027,2457.0,280.0,504.0,8.48,2026,2360.0,2028,504.0,2027,5.91,2026,FnGuide 메인 재무테이블 올해 전망,A141080,리가켐바이오
2028,4430.0,2360.0,,39.49,2026,2360.0,2028,504.0,2027,5.91,2026,FnGuide 메인 재무테이블 올해 전망,A141080,리가켐바이오
2021,3909.0,781.0,724.0,16.29,2026,2140.0,2028,2060.0,2028,15.62,2026,FnGuide 메인 재무테이블 올해 전망,A039030,이오테크닉스
2022,4472.0,928.0,772.0,15.14,2026,2140.0,2028,2060.0,2028,15.62,2026,FnGuide 메인 재무테이블 올해 전망,A039030,이오테크닉스
2023,3163.0,309.0,364.0,6.73,2026,2140.0,2028,2060.0,2028,15.62,2026,FnGuide 메인 재무테이블 올해 전망,A039030,이오테크닉스
2024,3209.0,312.0,427.0,7.43,2026,2140.0,2028,2060.0,2028,15.62,2026,FnGuide 메인 재무테이블 올해 전망,A039030,이오테크닉스
2025,3809.0,808.0,576.0,8.9,2026,2140.0,2028,2060.0,2028,15.62,2026,FnGuide 메인 재무테이블 올해 전망,A039030,이오테크닉스
2026,4794.0,1295.0,1113.0,15.62,2026,2140.0,2028,2060.0,2028,15.62,2026,FnGuide 메인 재무테이블 올해 전망,A039030,이오테크닉스
2027,5776.0,1664.0,1437.0,18.05,2026,2140.0,2028,2060.0,2028,15.62,2026,FnGuide 메인 재무테이블 올해 전망,A039030,이오테크닉스
2028,7330.0,2140.0,2060.0,24.05,2026,2140.0,2028,2060.0,2028,15.62,2026,FnGuide 메인 재무테이블 올해 전망,A039030,이오테크닉스
2021,3773.0,1026.0,1455.0,48.74,2026,2600.0,2028,2180.0,2028,12.64,2026,FnGuide 메인 재무테이블 올해 전망,A036930,주성엔지니어링
2022,4379.0,1239.0,1062.0,24.86,2026,2600.0,2028,2180.0,2028,12.64,2026,FnGuide 메인 재무테이블 올해 전망,A036930,주성엔지니어링
2023,2847.0,289.0,340.0,6.8,2026,2600.0,2028,2180.0,2028,12.64,2026,FnGuide 메인 재무테이블 올해 전망,A036930,주성엔지니어링
2024,4094.0,972.0,1068.0,19.76,2026,2600.0,2028,2180.0,2028,12.64,2026,FnGuide 메인 재무테이블 올해 전망,A036930,주성엔지니어링
2025,3107.0,313.0,357.0,6.17,2026,2600.0,2028,2180.0,2028,12.64,2026,FnGuide 메인 재무테이블 올해 전망,A036930,주성엔지니어링
2026,3844.0,776.0,791.0,12.64,2026,2600.0,2028,2180.0,2028,12.64,2026,FnGuide 메인 재무테이블 올해 전망,A036930,주성엔지니어링
2027,5743.0,1581.0,1484.0,20.41,2026,2600.0,2028,2180.0,2028,12.64,2026,FnGuide 메인 재무테이블 올해 전망,A036930,주성엔지니어링
2028,8660.0,2600.0,2180.0,23.97,2026,2600.0,2028,2180.0,2028,12.64,2026,FnGuide 메인 재무테이블 올해 전망,A036930,주성엔지니어링
2021,12323.0,1641.0,1451.0,19.82,2026,3046.0,2028,2535.0,2028,14.75,2026,FnGuide 메인 재무테이블 올해 전망,A240810,원익IPS
2022,10115.0,976.0,894.0,10.71,2026,3046.0,2028,2535.0,2028,14.75,2026,FnGuide 메인 재무테이블 올해 전망,A240810,원익IPS
2023,6903.0,-181.0,-135.0,-1.56,2026,3046.0,2028,2535.0,2028,14.75,2026,FnGuide 메인 재무테이블 올해 전망,A240810,원익IPS
2024,7482.0,106.0,207.0,2.37,2026,3046.0,2028,2535.0,2028,14.75,2026,FnGuide 메인 재무테이블 올해 전망,A240810,원익IPS
2025,9098.0,738.0,840.0,9.05,2026,3046.0,2028,2535.0,2028,14.75,2026,FnGuide 메인 재무테이블 올해 전망,A240810,원익IPS
2026,12984.0,1766.0,1535.0,14.75,2026,3046.0,2028,2535.0,2028,14.75,2026,FnGuide 메인 재무테이블 올해 전망,A240810,원익IPS
2027,15870.0,2740.0,2314.0,18.94,2026,3046.0,2028,2535.0,2028,14.75,2026,FnGuide 메인 재무테이블 올해 전망,A240810,원익IPS
2028,20688.0,3046.0,2535.0,17.62,2026,3046.0,2028,2535.0,2028,14.75,2026,FnGuide 메인 재무테이블 올해 전망,A240810,원익IPS
2021,148.0,-108.0,-156.0,-86.23,2026,-670.0,2028,-760.0,2028,-58.1,2026,FnGuide 메인 재무테이블 올해 전망,A310210,보로노이
2022,98.0,-179.0,-199.0,-96.66,2026,-670.0,2028,-760.0,2028,-58.1,2026,FnGuide 메인 재무테이블 올해 전망,A310210,보로노이
2023,,-313.0,-368.0,-63.75,2026,-670.0,2028,-760.0,2028,-58.1,2026,FnGuide 메인 재무테이블 올해 전망,A310210,보로노이
2024,,-363.0,-326.0,-44.14,2026,-670.0,2028,-760.0,2028,-58.1,2026,FnGuide 메인 재무테이블 올해 전망,A310210,보로노이
2025,75.0,-544.0,-427.0,-50.18,2026,-670.0,2028,-760.0,2028,-58.1,2026,FnGuide 메인 재무테이블 올해 전망,A310210,보로노이
2026,340.0,-440.0,-470.0,-58.1,2026,-670.0,2028,-760.0,2028,-58.1,2026,FnGuide 메인 재무테이블 올해 전망,A310210,보로노이
2027,650.0,-370.0,-420.0,-113.51,2026,-670.0,2028,-760.0,2028,-58.1,2026,FnGuide 메인 재무테이블 올해 전망,A310210,보로노이
2028,510.0,-670.0,-760.0,353.49,2026,-670.0,2028,-760.0,2028,-58.1,2026,FnGuide 메인 재무테이블 올해 전망,A310210,보로노이
2021,1447.0,375.0,301.0,15.3,2026,1829.0,2028,1557.0,2028,15.31,2026,FnGuide 메인 재무테이블 올해 전망,A095340,ISC
2022,1789.0,559.0,439.0,17.91,2026,1829.0,2028,1557.0,2028,15.31,2026,FnGuide 메인 재무테이블 올해 전망,A095340,ISC
2023,1402.0,107.0,136.0,3.56,2026,1829.0,2028,1557.0,2028,15.31,2026,FnGuide 메인 재무테이블 올해 전망,A095340,ISC
2024,1745.0,448.0,549.0,10.98,2026,1829.0,2028,1557.0,2028,15.31,2026,FnGuide 메인 재무테이블 올해 전망,A095340,ISC
2025,2202.0,601.0,563.0,10.6,2026,1829.0,2028,1557.0,2028,15.31,2026,FnGuide 메인 재무테이블 올해 전망,A095340,ISC
2026,3101.0,958.0,875.0,15.31,2026,1829.0,2028,1557.0,2028,15.31,2026,FnGuide 메인 재무테이블 올해 전망,A095340,ISC
2027,4002.0,1334.0,1177.0,18.01,2026,1829.0,2028,1557.0,2028,15.31,2026,FnGuide 메인 재무테이블 올해 전망,A095340,ISC
2028,5265.0,1829.0,1557.0,20.65,2026,1829.0,2028,1557.0,2028,15.31,2026,FnGuide 메인 재무테이블 올해 전망,A095340,ISC
2021,224.0,-9.0,7.0,1.09,2026,430.0,2028,191.0,2027,3.23,2026,FnGuide 메인 재무테이블 올해 전망,A108490,로보티즈
2022,259.0,-22.0,-2.0,-0.34,2026,430.0,2028,191.0,2027,3.23,2026,FnGuide 메인 재무테이블 올해 전망,A108490,로보티즈
2023,291.0,-53.0,-13.0,-1.51,2026,430.0,2028,191.0,2027,3.23,2026,FnGuide 메인 재무테이블 올해 전망,A108490,로보티즈
2024,300.0,-30.0,-30.0,-3.31,2026,430.0,2028,191.0,2027,3.23,2026,FnGuide 메인 재무테이블 올해 전망,A108490,로보티즈
2025,389.0,33.0,53.0,2.49,2026,430.0,2028,191.0,2027,3.23,2026,FnGuide 메인 재무테이블 올해 전망,A108490,로보티즈
2026,641.0,91.0,102.0,3.23,2026,430.0,2028,191.0,2027,3.23,2026,FnGuide 메인 재무테이블 올해 전망,A108490,로보티즈
2027,1005.0,203.0,191.0,5.92,2026,430.0,2028,191.0,2027,3.23,2026,FnGuide 메인 재무테이블 올해 전망,A108490,로보티즈
2028,1800.0,430.0,,14.37,2026,430.0,2028,191.0,2027,3.23,2026,FnGuide 메인 재무테이블 올해 전망,A108490,로보티즈
