연도,매출액,영업이익,당기순이익,ROE,기준연도,적용 영업이익(E),적용 영업이익 기준연도,적용 당기순이익(E),적용 당기순이익 기준연도,적용 ROE(E),적용 ROE 기준연도,적용 ROE 소스,종목코드,종목명
2023,2589354.94,65669.76,154871.0,4.15,2026,5868337.44,2028,4904680.13,2028,55.59,2026,FnGuide 올해 전망,A005930,삼성전자
2024,3008709.03,327259.61,344513.51,9.03,2026,5868337.44,2028,4904680.13,2028,55.59,2026,FnGuide 올해 전망,A005930,삼성전자
2025,3336059.38,436010.51,452068.05,10.85,2026,5868337.44,2028,4904680.13,2028,55.59,2026,FnGuide 올해 전망,A005930,삼성전자
2026,7293483.15,3812250.1,3182083.15,55.59,2026,5868337.44,2028,4904680.13,2028,55.59,2026,FnGuide 올해 전망,A005930,삼성전자
2027,9492231.3,5467664.25,4515549.9,,2026,5868337.44,2028,4904680.13,2028,55.59,2026,FnGuide 올해 전망,A005930,삼성전자
2028,10594724.38,5868337.44,4904680.13,,2026,5868337.44,2028,4904680.13,2028,55.59,2026,FnGuide 올해 전망,A005930,삼성전자
2023,327657.19,-77303.13,-91375.47,-15.61,2026,4203835.17,2028,3449863.39,2028,102.72,2026,FnGuide 올해 전망,A000660,SK하이닉스
2024,661929.6,234673.19,197969.02,31.06,2026,4203835.17,2028,3449863.39,2028,102.72,2026,FnGuide 올해 전망,A000660,SK하이닉스
2025,971466.75,472063.19,429479.02,44.15,2026,4203835.17,2028,3449863.39,2028,102.72,2026,FnGuide 올해 전망,A000660,SK하이닉스
2026,3424627.27,2638857.41,2535436.32,102.72,2026,4203835.17,2028,3449863.39,2028,102.72,2026,FnGuide 올해 전망,A000660,SK하이닉스
2027,5092017.55,4001405.14,3253426.36,,2026,4203835.17,2028,3449863.39,2028,102.72,2026,FnGuide 올해 전망,A000660,SK하이닉스
2028,5669107.5,4203835.17,3449863.39,,2026,4203835.17,2028,3449863.39,2028,102.72,2026,FnGuide 올해 전망,A000660,SK하이닉스
2023,36945.89,11136.8,8576.91,9.12,2026,30916.56,2028,24284.0,2028,21.03,2026,FnGuide 올해 전망,A207940,삼성바이오로직스
2024,34971.46,13213.66,10833.16,10.45,2026,30916.56,2028,24284.0,2028,21.03,2026,FnGuide 올해 전망,A207940,삼성바이오로직스
2025,45569.72,20692.21,17843.52,19.44,2026,30916.56,2028,24284.0,2028,21.03,2026,FnGuide 올해 전망,A207940,삼성바이오로직스
2026,55141.64,24090.09,18722.55,21.03,2026,30916.56,2028,24284.0,2028,21.03,2026,FnGuide 올해 전망,A207940,삼성바이오로직스
2027,64277.0,28062.9,21809.7,,2026,30916.56,2028,24284.0,2028,21.03,2026,FnGuide 올해 전망,A207940,삼성바이오로직스
2028,68346.44,30916.56,24284.0,,2026,30916.56,2028,24284.0,2028,21.03,2026,FnGuide 올해 전망,A207940,삼성바이오로직스
2023,21764.32,6514.81,5397.07,5.07,2026,25840.59,2028,21298.12,2028,8.93,2026,FnGuide 올해 전망,A068270,셀트리온
2024,35573.04,4920.16,4188.83,2.46,2026,25840.59,2028,21298.12,2028,8.93,2026,FnGuide 올해 전망,A068270,셀트리온
2025,41624.95,11684.71,10314.84,5.94,2026,25840.59,2028,21298.12,2028,8.93,2026,FnGuide 올해 전망,A068270,셀트리온
2026,55396.11,18569.94,16084.0,8.93,2026,25840.59,2028,21298.12,2028,8.93,2026,FnGuide 올해 전망,A068270,셀트리온
2027,64267.33,22905.72,18994.56,,2026,25840.59,2028,21298.12,2028,8.93,2026,FnGuide 올해 전망,A068270,셀트리온
2028,71626.18,25840.59,21298.12,,2026,25840.59,2028,21298.12,2028,8.93,2026,FnGuide 올해 전망,A068270,셀트리온
2023,1626635.79,151269.01,122723.01,13.68,2026,140689.38,2028,131602.81,2028,8.33,2026,FnGuide 올해 전망,A005380,현대차
2024,1752311.53,142395.92,132299.08,12.43,2026,140689.38,2028,131602.81,2028,8.33,2026,FnGuide 올해 전망,A005380,현대차
2025,1862544.72,114678.51,103647.75,8.41,2026,140689.38,2028,131602.81,2028,8.33,2026,FnGuide 올해 전망,A005380,현대차
2026,1935858.8,113600.16,109997.24,8.33,2026,140689.38,2028,131602.81,2028,8.33,2026,FnGuide 올해 전망,A005380,현대차
2027,2020377.68,130366.48,123313.4,,2026,140689.38,2028,131602.81,2028,8.33,2026,FnGuide 올해 전망,A005380,현대차
2028,2122667.9,140689.38,131602.81,,2026,140689.38,2028,131602.81,2028,8.33,2026,FnGuide 올해 전망,A005380,현대차
2023,998084.2,116078.73,87778.17,20.44,2026,119405.82,2028,98894.91,2028,13.11,2026,FnGuide 올해 전망,A000270,기아
2024,1074487.52,126671.39,97750.05,19.09,2026,119405.82,2028,98894.91,2028,13.11,2026,FnGuide 올해 전망,A000270,기아
2025,1141409.19,90781.48,75541.74,12.92,2026,119405.82,2028,98894.91,2028,13.11,2026,FnGuide 올해 전망,A000270,기아
2026,1254300.92,101289.08,84248.88,13.11,2026,119405.82,2028,98894.91,2028,13.11,2026,FnGuide 올해 전망,A000270,기아
2027,1303783.44,109948.88,91217.28,,2026,119405.82,2028,98894.91,2028,13.11,2026,FnGuide 올해 전망,A000270,기아
2028,1358610.59,119405.82,98894.91,,2026,119405.82,2028,98894.91,2028,13.11,2026,FnGuide 올해 전망,A000270,기아
2023,96706.44,14888.2,9850.18,4.41,2026,31140.7,2028,27215.85,2028,6.73,2026,FnGuide 올해 전망,A035420,NAVER
2024,107377.19,19792.63,19319.76,7.9,2026,31140.7,2028,27215.85,2028,6.73,2026,FnGuide 올해 전망,A035420,NAVER
2025,120350.07,22081.38,18187.46,7.36,2026,31140.7,2028,27215.85,2028,6.73,2026,FnGuide 올해 전망,A035420,NAVER
2026,137848.0,21637.83,19516.13,6.73,2026,31140.7,2028,27215.85,2028,6.73,2026,FnGuide 올해 전망,A035420,NAVER
2027,158154.39,25680.96,22606.17,,2026,31140.7,2028,27215.85,2028,6.73,2026,FnGuide 올해 전망,A035420,NAVER
2028,185985.35,31140.7,27215.85,,2026,31140.7,2028,27215.85,2028,6.73,2026,FnGuide 올해 전망,A035420,NAVER
2023,75570.02,4608.58,-18166.69,-10.26,2026,13513.29,2028,11424.71,2028,4.98,2026,FnGuide 올해 전망,A035720,카카오
2024,78640.33,4952.78,-1618.71,0.56,2026,13513.29,2028,11424.71,2028,4.98,2026,FnGuide 올해 전망,A035720,카카오
2025,80991.48,7320.37,5179.6,4.59,2026,13513.29,2028,11424.71,2028,4.98,2026,FnGuide 올해 전망,A035720,카카오
2026,83389.35,10362.75,6709.35,4.98,2026,13513.29,2028,11424.71,2028,4.98,2026,FnGuide 올해 전망,A035720,카카오
2027,89665.1,11826.7,10005.25,,2026,13513.29,2028,11424.71,2028,4.98,2026,FnGuide 올해 전망,A035720,카카오
2028,97276.59,13513.29,11424.71,,2026,13513.29,2028,11424.71,2028,4.98,2026,FnGuide 올해 전망,A035720,카카오
2023,552497.85,25291.96,20534.25,4.2,2026,55531.08,2028,37680.0,2028,-0.55,2026,FnGuide 올해 전망,A051910,LG화학
2024,486997.54,8749.27,5150.11,-2.11,2026,55531.08,2028,37680.0,2028,-0.55,2026,FnGuide 올해 전망,A051910,LG화학
2025,459321.67,11809.0,-9770.63,-5.5,2026,55531.08,2028,37680.0,2028,-0.55,2026,FnGuide 올해 전망,A051910,LG화학
2026,562155.33,13878.58,-1206.08,-0.55,2026,55531.08,2028,37680.0,2028,-0.55,2026,FnGuide 올해 전망,A051910,LG화학
2027,642942.08,39751.33,23950.42,,2026,55531.08,2028,37680.0,2028,-0.55,2026,FnGuide 올해 전망,A051910,LG화학
2028,714571.33,55531.08,37680.0,,2026,55531.08,2028,37680.0,2028,-0.55,2026,FnGuide 올해 전망,A051910,LG화학
2023,337454.7,21632.34,16379.85,6.35,2026,60157.82,2028,40584.24,2028,-1.48,2026,FnGuide 올해 전망,A373220,LG에너지솔루션
2024,256195.85,5753.87,3386.02,-4.93,2026,60157.82,2028,40584.24,2028,-1.48,2026,FnGuide 올해 전망,A373220,LG에너지솔루션
2025,236717.59,13461.2,808.03,-5.19,2026,60157.82,2028,40584.24,2028,-1.48,2026,FnGuide 올해 전망,A373220,LG에너지솔루션
2026,322470.83,8549.67,-5131.72,-1.48,2026,60157.82,2028,40584.24,2028,-1.48,2026,FnGuide 올해 전망,A373220,LG에너지솔루션
2027,414460.89,39480.11,24541.5,,2026,60157.82,2028,40584.24,2028,-1.48,2026,FnGuide 올해 전망,A373220,LG에너지솔루션
2028,492971.47,60157.82,40584.24,,2026,60157.82,2028,40584.24,2028,-1.48,2026,FnGuide 올해 전망,A373220,LG에너지솔루션
2023,214367.88,15454.89,20660.47,11.48,2026,25562.06,2028,25454.47,2028,3.64,2026,FnGuide 올해 전망,A006400,삼성SDI
2024,165922.49,3633.04,5755.12,3.13,2026,25562.06,2028,25454.47,2028,3.64,2026,FnGuide 올해 전망,A006400,삼성SDI
2025,132667.31,-17223.61,-5848.75,-3.15,2026,25562.06,2028,25454.47,2028,3.64,2026,FnGuide 올해 전망,A006400,삼성SDI
2026,158959.84,4149.11,10294.42,3.64,2026,25562.06,2028,25454.47,2028,3.64,2026,FnGuide 올해 전망,A006400,삼성SDI
2027,196319.63,14720.84,16587.63,,2026,25562.06,2028,25454.47,2028,3.64,2026,FnGuide 올해 전망,A006400,삼성SDI
2028,241917.82,25562.06,25454.47,,2026,25562.06,2028,25454.47,2028,3.64,2026,FnGuide 올해 전망,A006400,삼성SDI
2023,69008.68,1560.3,546.86,-0.64,2026,2669.91,2028,1639.73,2028,0.76,2026,FnGuide 올해 전망,A247540,에코프로비엠
2024,27668.38,-341.09,-585.09,-6.26,2026,2669.91,2028,1639.73,2028,0.76,2026,FnGuide 올해 전망,A247540,에코프로비엠
2025,25315.76,1433.1,915.88,2.29,2026,2669.91,2028,1639.73,2028,0.76,2026,FnGuide 올해 전망,A247540,에코프로비엠
2026,24742.08,803.0,241.33,0.76,2026,2669.91,2028,1639.73,2028,0.76,2026,FnGuide 올해 전망,A247540,에코프로비엠
2027,34179.75,1553.42,766.17,,2026,2669.91,2028,1639.73,2028,0.76,2026,FnGuide 올해 전망,A247540,에코프로비엠
2028,46524.55,2669.91,1639.73,,2026,2669.91,2028,1639.73,2028,0.76,2026,FnGuide 올해 전망,A247540,에코프로비엠
2023,771271.97,35314.23,18458.5,3.18,2026,43620.61,2028,30100.39,2028,3.32,2026,FnGuide 올해 전망,A005490,POSCO홀딩스
2024,726881.43,21735.73,9475.8,2.0,2026,43620.61,2028,30100.39,2028,3.32,2026,FnGuide 올해 전망,A005490,POSCO홀딩스
2025,690948.86,18270.63,5044.03,1.18,2026,43620.61,2028,30100.39,2028,3.32,2026,FnGuide 올해 전망,A005490,POSCO홀딩스
2026,736615.11,30599.58,20962.32,3.32,2026,43620.61,2028,30100.39,2028,3.32,2026,FnGuide 올해 전망,A005490,POSCO홀딩스
2027,761953.11,37714.37,25345.84,,2026,43620.61,2028,30100.39,2028,3.32,2026,FnGuide 올해 전망,A005490,POSCO홀딩스
2028,786782.22,43620.61,30100.39,,2026,43620.61,2028,30100.39,2028,3.32,2026,FnGuide 올해 전망,A005490,POSCO홀딩스
2023,822626.64,36532.94,11506.11,3.69,2026,61119.73,2028,43030.13,2028,9.06,2026,FnGuide 올해 전망,A066570,LG전자
2024,877281.82,34196.75,5913.65,1.81,2026,61119.73,2028,43030.13,2028,9.06,2026,FnGuide 올해 전망,A066570,LG전자
2025,892008.82,24783.92,12204.12,4.28,2026,61119.73,2028,43030.13,2028,9.06,2026,FnGuide 올해 전망,A066570,LG전자
2026,968060.82,46586.24,28519.0,9.06,2026,61119.73,2028,43030.13,2028,9.06,2026,FnGuide 올해 전망,A066570,LG전자
2027,1012691.82,49797.29,32961.65,,2026,61119.73,2028,43030.13,2028,9.06,2026,FnGuide 올해 전망,A066570,LG전자
2028,1055564.73,61119.73,43030.13,,2026,61119.73,2028,43030.13,2028,9.06,2026,FnGuide 올해 전망,A066570,LG전자
2023,882194.61,-45416.48,-47161.44,-12.63,2026,133061.23,2028,80446.17,2028,8.1,2026,FnGuide 올해 전망,A015760,한국전력
2024,933988.96,83647.1,36219.68,9.22,2026,133061.23,2028,80446.17,2028,8.1,2026,FnGuide 올해 전망,A015760,한국전력
2025,974293.46,134905.57,86666.56,19.4,2026,133061.23,2028,80446.17,2028,8.1,2026,FnGuide 올해 전망,A015760,한국전력
2026,976053.36,77650.79,43001.69,8.1,2026,133061.23,2028,80446.17,2028,8.1,2026,FnGuide 올해 전망,A015760,한국전력
2027,989070.07,111501.07,67934.92,,2026,133061.23,2028,80446.17,2028,8.1,2026,FnGuide 올해 전망,A015760,한국전력
2028,1006913.46,133061.23,80446.17,,2026,133061.23,2028,80446.17,2028,8.1,2026,FnGuide 올해 전망,A015760,한국전력
2023,175898.88,14673.18,5175.22,0.78,2026,20768.6,2028,12160.07,2028,4.22,2026,FnGuide 올해 전망,A034020,두산에너빌리티
2024,162330.55,10176.0,3946.89,1.52,2026,20768.6,2028,12160.07,2028,4.22,2026,FnGuide 올해 전망,A034020,두산에너빌리티
2025,170578.76,7627.12,2051.63,1.11,2026,20768.6,2028,12160.07,2028,4.22,2026,FnGuide 올해 전망,A034020,두산에너빌리티
2026,183938.88,11291.25,5374.31,4.22,2026,20768.6,2028,12160.07,2028,4.22,2026,FnGuide 올해 전망,A034020,두산에너빌리티
2027,205839.2,16367.73,8946.73,,2026,20768.6,2028,12160.07,2028,4.22,2026,FnGuide 올해 전망,A034020,두산에너빌리티
2028,230433.53,20768.6,12160.07,,2026,20768.6,2028,12160.07,2028,4.22,2026,FnGuide 올해 전망,A034020,두산에너빌리티
2023,74083.12,-1964.98,1600.44,6.33,2026,28243.24,2028,22602.67,2028,27.63,2026,FnGuide 올해 전망,A042660,한화오션
2024,107760.05,2378.76,5282.13,11.52,2026,28243.24,2028,22602.67,2028,27.63,2026,FnGuide 올해 전망,A042660,한화오션
2025,127835.12,11675.9,12459.22,22.59,2026,28243.24,2028,22602.67,2028,27.63,2026,FnGuide 올해 전망,A042660,한화오션
2026,158658.55,22551.32,19935.32,27.63,2026,28243.24,2028,22602.67,2028,27.63,2026,FnGuide 올해 전망,A042660,한화오션
2027,152596.64,24841.73,19826.41,,2026,28243.24,2028,22602.67,2028,27.63,2026,FnGuide 올해 전망,A042660,한화오션
2028,163523.76,28243.24,22602.67,,2026,28243.24,2028,22602.67,2028,27.63,2026,FnGuide 올해 전망,A042660,한화오션
2023,80094.3,2333.45,-1555.56,-4.22,2026,23478.16,2028,17589.11,2028,19.75,2026,FnGuide 올해 전망,A010140,삼성중공업
2024,99030.78,5026.99,538.77,1.77,2026,23478.16,2028,17589.11,2028,19.75,2026,FnGuide 올해 전망,A010140,삼성중공업
2025,106500.11,8622.11,5357.54,13.73,2026,23478.16,2028,17589.11,2028,19.75,2026,FnGuide 올해 전망,A010140,삼성중공업
2026,127691.5,13645.95,9078.35,19.75,2026,23478.16,2028,17589.11,2028,19.75,2026,FnGuide 올해 전망,A010140,삼성중공업
2027,146848.2,19642.2,14480.35,,2026,23478.16,2028,17589.11,2028,19.75,2026,FnGuide 올해 전망,A010140,삼성중공업
2028,159954.53,23478.16,17589.11,,2026,23478.16,2028,17589.11,2028,19.75,2026,FnGuide 올해 전망,A010140,삼성중공업
2023,56053.0,4640.48,3323.52,19.05,2026,7368.17,2028,5873.67,2028,15.43,2026,FnGuide 올해 전망,A064400,LG씨엔에스
2024,59826.27,5128.64,3649.14,18.32,2026,7368.17,2028,5873.67,2028,15.43,2026,FnGuide 올해 전망,A064400,LG씨엔에스
2025,61295.43,5518.28,4391.58,17.35,2026,7368.17,2028,5873.67,2028,15.43,2026,FnGuide 올해 전망,A064400,LG씨엔에스
2026,65701.69,5829.77,4771.69,15.43,2026,7368.17,2028,5873.67,2028,15.43,2026,FnGuide 올해 전망,A064400,LG씨엔에스
2027,71543.69,6677.08,5334.62,,2026,7368.17,2028,5873.67,2028,15.43,2026,FnGuide 올해 전망,A064400,LG씨엔에스
2028,77913.17,7368.17,5873.67,,2026,7368.17,2028,5873.67,2028,15.43,2026,FnGuide 올해 전망,A064400,LG씨엔에스
2023,3428.61,478.09,380.13,32.86,2026,4627.0,2028,3722.36,2028,42.23,2026,FnGuide 올해 전망,A257720,실리콘투
2024,6915.22,1375.75,1207.38,60.9,2026,4627.0,2028,3722.36,2028,42.23,2026,FnGuide 올해 전망,A257720,실리콘투
2025,11162.87,2053.62,1685.85,46.89,2026,4627.0,2028,3722.36,2028,42.23,2026,FnGuide 올해 전망,A257720,실리콘투
2026,16101.31,2959.92,2480.92,42.23,2026,4627.0,2028,3722.36,2028,42.23,2026,FnGuide 올해 전망,A257720,실리콘투
2027,20516.0,3781.85,3062.54,,2026,4627.0,2028,3722.36,2028,42.23,2026,FnGuide 올해 전망,A257720,실리콘투
2028,24901.91,4627.0,3722.36,,2026,4627.0,2028,3722.36,2028,42.23,2026,FnGuide 올해 전망,A257720,실리콘투
2023,78896.87,5943.06,9769.18,25.6,2026,63686.71,2028,49690.48,2028,21.38,2026,FnGuide 올해 전망,A012450,한화에어로스페이스
2024,112401.21,17318.79,25398.73,53.94,2026,63686.71,2028,49690.48,2028,21.38,2026,FnGuide 올해 전망,A012450,한화에어로스페이스
2025,267029.01,30893.2,22019.83,19.14,2026,63686.71,2028,49690.48,2028,21.38,2026,FnGuide 올해 전망,A012450,한화에어로스페이스
2026,323795.48,46483.14,36364.38,21.38,2026,63686.71,2028,49690.48,2028,21.38,2026,FnGuide 올해 전망,A012450,한화에어로스페이스
2027,346070.38,57108.33,43715.19,,2026,63686.71,2028,49690.48,2028,21.38,2026,FnGuide 올해 전망,A012450,한화에어로스페이스
2028,371408.67,63686.71,49690.48,,2026,63686.71,2028,49690.48,2028,21.38,2026,FnGuide 올해 전망,A012450,한화에어로스페이스
2023,119639.26,1786.4,246.89,0.47,2026,55308.78,2028,44106.33,2028,30.84,2026,FnGuide 올해 전망,A329180,HD현대중공업
2024,144864.54,7052.23,6215.09,11.39,2026,55308.78,2028,44106.33,2028,30.84,2026,FnGuide 올해 전망,A329180,HD현대중공업
2025,175806.33,20375.1,14154.85,18.82,2026,55308.78,2028,44106.33,2028,30.84,2026,FnGuide 올해 전망,A329180,HD현대중공업
2026,247513.68,40549.47,32235.32,30.84,2026,55308.78,2028,44106.33,2028,30.84,2026,FnGuide 올해 전망,A329180,HD현대중공업
2027,266305.58,47486.95,37327.32,,2026,55308.78,2028,44106.33,2028,30.84,2026,FnGuide 올해 전망,A329180,HD현대중공업
2028,285539.78,55308.78,44106.33,,2026,55308.78,2028,44106.33,2028,30.84,2026,FnGuide 올해 전망,A329180,HD현대중공업
2023,212962.06,2822.61,1449.3,2.26,2026,84805.92,2028,67070.75,2028,27.19,2026,FnGuide 올해 전망,A009540,HD한국조선해양
2024,255385.77,14340.9,14545.8,11.16,2026,84805.92,2028,67070.75,2028,27.19,2026,FnGuide 올해 전망,A009540,HD한국조선해양
2025,299332.15,39044.9,29283.95,17.78,2026,84805.92,2028,67070.75,2028,27.19,2026,FnGuide 올해 전망,A009540,HD한국조선해양
2026,348147.83,61939.25,49613.25,27.19,2026,84805.92,2028,67070.75,2028,27.19,2026,FnGuide 올해 전망,A009540,HD한국조선해양
2027,379485.92,73845.83,58238.75,,2026,84805.92,2028,67070.75,2028,27.19,2026,FnGuide 올해 전망,A009540,HD한국조선해양
2028,408247.42,84805.92,67070.75,,2026,84805.92,2028,67070.75,2028,27.19,2026,FnGuide 올해 전망,A009540,HD한국조선해양
2023,88924.12,6605.44,4504.82,5.5,2026,61437.06,2028,50087.44,2028,15.18,2026,FnGuide 올해 전망,A009150,삼성전기
2024,102941.03,7350.06,7032.16,8.16,2026,61437.06,2028,50087.44,2028,15.18,2026,FnGuide 올해 전망,A009150,삼성전기
2025,113144.59,9133.31,7309.9,7.7,2026,61437.06,2028,50087.44,2028,15.18,2026,FnGuide 올해 전망,A009150,삼성전기
2026,143402.8,19899.15,16341.85,15.18,2026,61437.06,2028,50087.44,2028,15.18,2026,FnGuide 올해 전망,A009150,삼성전기
2027,183804.25,38639.2,31578.45,,2026,61437.06,2028,50087.44,2028,15.18,2026,FnGuide 올해 전망,A009150,삼성전기
2028,236891.83,61437.06,50087.44,,2026,61437.06,2028,50087.44,2028,15.18,2026,FnGuide 올해 전망,A009150,삼성전기
2023,206052.9,8308.24,5652.01,12.59,2026,17205.38,2028,13258.56,2028,14.07,2026,FnGuide 올해 전망,A011070,LG이노텍
2024,212007.55,7060.43,4492.74,8.92,2026,17205.38,2028,13258.56,2028,14.07,2026,FnGuide 올해 전망,A011070,LG이노텍
2025,218966.03,6650.07,3412.62,6.14,2026,17205.38,2028,13258.56,2028,14.07,2026,FnGuide 올해 전망,A011070,LG이노텍
2026,252705.58,12120.26,8771.0,14.07,2026,17205.38,2028,13258.56,2028,14.07,2026,FnGuide 올해 전망,A011070,LG이노텍
2027,265964.21,14432.68,11051.37,,2026,17205.38,2028,13258.56,2028,14.07,2026,FnGuide 올해 전망,A011070,LG이노텍
2028,279890.56,17205.38,13258.56,,2026,17205.38,2028,13258.56,2028,14.07,2026,FnGuide 올해 전망,A011070,LG이노텍
2023,1590.09,345.71,2671.68,55.54,2026,6843.0,2028,6423.0,2028,42.53,2026,FnGuide 올해 전망,A042700,한미반도체
2024,5589.17,2553.92,1526.14,27.43,2026,6843.0,2028,6423.0,2028,42.53,2026,FnGuide 올해 전망,A042700,한미반도체
2025,5766.85,2513.9,2140.08,34.76,2026,6843.0,2028,6423.0,2028,42.53,2026,FnGuide 올해 전망,A042700,한미반도체
2026,8196.0,3822.0,3457.0,42.53,2026,6843.0,2028,6423.0,2028,42.53,2026,FnGuide 올해 전망,A042700,한미반도체
2027,11239.0,5617.0,5124.0,,2026,6843.0,2028,6423.0,2028,42.53,2026,FnGuide 올해 전망,A042700,한미반도체
2028,13148.0,6843.0,6423.0,,2026,6843.0,2028,6423.0,2028,42.53,2026,FnGuide 올해 전망,A042700,한미반도체
2023,2555.73,1143.78,1109.23,21.12,2026,3099.25,2028,2580.5,2028,24.33,2026,FnGuide 올해 전망,A058470,리노공업
2024,2781.86,1242.01,1132.79,19.2,2026,3099.25,2028,2580.5,2028,24.33,2026,FnGuide 올해 전망,A058470,리노공업
2025,3725.34,1769.97,1519.61,22.45,2026,3099.25,2028,2580.5,2028,24.33,2026,FnGuide 올해 전망,A058470,리노공업
2026,4596.75,2254.0,1942.0,24.33,2026,3099.25,2028,2580.5,2028,24.33,2026,FnGuide 올해 전망,A058470,리노공업
2027,5465.75,2673.0,2242.25,,2026,3099.25,2028,2580.5,2028,24.33,2026,FnGuide 올해 전망,A058470,리노공업
2028,6352.5,3099.25,2580.5,,2026,3099.25,2028,2580.5,2028,24.33,2026,FnGuide 올해 전망,A058470,리노공업
2023,8440.29,1334.88,1309.55,15.61,2026,3590.57,2028,2901.57,2028,15.0,2026,FnGuide 올해 전망,A357780,솔브레인
2024,8633.56,1679.49,1196.12,12.47,2026,3590.57,2028,2901.57,2028,15.0,2026,FnGuide 올해 전망,A357780,솔브레인
2025,9233.82,1336.42,839.89,7.66,2026,3590.57,2028,2901.57,2028,15.0,2026,FnGuide 올해 전망,A357780,솔브레인
2026,12087.75,2030.5,1772.63,15.0,2026,3590.57,2028,2901.57,2028,15.0,2026,FnGuide 올해 전망,A357780,솔브레인
2027,14768.5,2748.88,2282.88,,2026,3590.57,2028,2901.57,2028,15.0,2026,FnGuide 올해 전망,A357780,솔브레인
2028,17366.29,3590.57,2901.57,,2026,3590.57,2028,2901.57,2028,15.0,2026,FnGuide 올해 전망,A357780,솔브레인
2023,36739.64,1081.71,1738.79,3.72,2026,6418.47,2028,5126.79,2028,6.67,2026,FnGuide 올해 전망,A090430,아모레퍼시픽
2024,38851.11,2204.81,6016.41,11.69,2026,6418.47,2028,5126.79,2028,6.67,2026,FnGuide 올해 전망,A090430,아모레퍼시픽
2025,42528.2,3358.27,2473.16,4.41,2026,6418.47,2028,5126.79,2028,6.67,2026,FnGuide 올해 전망,A090430,아모레퍼시픽
2026,47261.85,4861.9,3893.25,6.67,2026,6418.47,2028,5126.79,2028,6.67,2026,FnGuide 올해 전망,A090430,아모레퍼시픽
2027,51796.5,5648.55,4505.3,,2026,6418.47,2028,5126.79,2028,6.67,2026,FnGuide 올해 전망,A090430,아모레퍼시픽
2028,56231.05,6418.47,5126.79,,2026,6418.47,2028,5126.79,2028,6.67,2026,FnGuide 올해 전망,A090430,아모레퍼시픽
2023,775063.9,63850.21,45263.34,8.39,2026,99323.93,2028,71108.56,2028,10.98,2026,FnGuide 올해 전망,A105560,KB금융
2024,850764.19,80452.61,50286.06,8.86,2026,99323.93,2028,71108.56,2028,10.98,2026,FnGuide 올해 전망,A105560,KB금융
2025,812307.08,85177.11,58407.15,9.98,2026,99323.93,2028,71108.56,2028,10.98,2026,FnGuide 올해 전망,A105560,KB금융
2026,,94216.31,67109.59,10.98,2026,99323.93,2028,71108.56,2028,10.98,2026,FnGuide 올해 전망,A105560,KB금융
2027,,96055.88,68956.41,,2026,99323.93,2028,71108.56,2028,10.98,2026,FnGuide 올해 전망,A105560,KB금융
2028,,99323.93,71108.56,,2026,99323.93,2028,71108.56,2028,10.98,2026,FnGuide 올해 전망,A105560,KB금융
2023,613326.29,61008.5,44780.0,8.36,2026,88838.2,2028,65193.69,2028,9.88,2026,FnGuide 올해 전망,A055550,신한지주
2024,740642.79,64586.7,45581.7,8.11,2026,88838.2,2028,65193.69,2028,9.88,2026,FnGuide 올해 전망,A055550,신한지주
2025,646819.6,70233.57,50845.19,8.72,2026,88838.2,2028,65193.69,2028,9.88,2026,FnGuide 올해 전망,A055550,신한지주
2026,,80578.5,59860.06,9.88,2026,88838.2,2028,65193.69,2028,9.88,2026,FnGuide 올해 전망,A055550,신한지주
2027,,84715.88,62321.71,,2026,88838.2,2028,65193.69,2028,9.88,2026,FnGuide 올해 전망,A055550,신한지주
2028,,88838.2,65193.69,,2026,88838.2,2028,65193.69,2028,9.88,2026,FnGuide 올해 전망,A055550,신한지주
2023,696935.71,46934.07,34683.56,9.01,2026,64861.13,2028,48865.06,2028,9.55,2026,FnGuide 올해 전망,A086790,하나금융지주
2024,816142.99,48551.82,37685.29,9.11,2026,64861.13,2028,48865.06,2028,9.55,2026,FnGuide 올해 전망,A086790,하나금융지주
2025,689436.35,53508.98,40366.38,9.17,2026,64861.13,2028,48865.06,2028,9.55,2026,FnGuide 올해 전망,A086790,하나금융지주
2026,,59536.94,44566.71,9.55,2026,64861.13,2028,48865.06,2028,9.55,2026,FnGuide 올해 전망,A086790,하나금융지주
2027,,61927.18,46569.12,,2026,64861.13,2028,48865.06,2028,9.55,2026,FnGuide 올해 전망,A086790,하나금융지주
2028,,64861.13,48865.06,,2026,64861.13,2028,48865.06,2028,9.55,2026,FnGuide 올해 전망,A086790,하나금융지주
2023,309370.14,23983.77,20337.09,4.95,2026,51979.22,2028,39131.2,2028,3.32,2026,FnGuide 올해 전망,A032830,삼성생명
2024,337860.29,24997.51,22602.55,5.76,2026,51979.22,2028,39131.2,2028,3.32,2026,FnGuide 올해 전망,A032830,삼성생명
2025,371383.1,25804.69,24515.15,4.96,2026,51979.22,2028,39131.2,2028,3.32,2026,FnGuide 올해 전망,A032830,삼성생명
2026,,35887.11,33804.2,3.32,2026,51979.22,2028,39131.2,2028,3.32,2026,FnGuide 올해 전망,A032830,삼성생명
2027,,73052.89,58236.6,,2026,51979.22,2028,39131.2,2028,3.32,2026,FnGuide 올해 전망,A032830,삼성생명
2028,,51979.22,39131.2,,2026,51979.22,2028,39131.2,2028,3.32,2026,FnGuide 올해 전망,A032830,삼성생명
2023,203566.32,5210.37,3332.38,2.92,2026,27851.63,2028,21311.24,2028,23.02,2026,FnGuide 올해 전망,A006800,미래에셋증권
2024,222423.27,11880.76,9254.7,7.94,2026,27851.63,2028,21311.24,2028,23.02,2026,FnGuide 올해 전망,A006800,미래에셋증권
2025,292830.28,19151.04,15829.16,12.36,2026,27851.63,2028,21311.24,2028,23.02,2026,FnGuide 올해 전망,A006800,미래에셋증권
2026,612958.0,47083.19,35258.06,23.02,2026,27851.63,2028,21311.24,2028,23.02,2026,FnGuide 올해 전망,A006800,미래에셋증권
2027,555412.67,25932.44,20239.06,,2026,27851.63,2028,21311.24,2028,23.02,2026,FnGuide 올해 전망,A006800,미래에셋증권
2028,581729.0,27851.63,21311.24,,2026,27851.63,2028,21311.24,2028,23.02,2026,FnGuide 올해 전망,A006800,미래에셋증권
2023,208933.71,8204.05,7080.63,8.81,2026,32889.2,2028,26188.29,2028,22.9,2026,FnGuide 올해 전망,A071050,한국금융지주
2024,183392.67,11997.24,10458.69,11.54,2026,32889.2,2028,26188.29,2028,22.9,2026,FnGuide 올해 전망,A071050,한국금융지주
2025,194661.43,23453.29,20243.52,18.66,2026,32889.2,2028,26188.29,2028,22.9,2026,FnGuide 올해 전망,A071050,한국금융지주
2026,461800.0,39419.31,30521.53,22.9,2026,32889.2,2028,26188.29,2028,22.9,2026,FnGuide 올해 전망,A071050,한국금융지주
2027,466500.0,31638.06,25571.43,,2026,32889.2,2028,26188.29,2028,22.9,2026,FnGuide 올해 전망,A071050,한국금융지주
2028,468930.0,32889.2,26188.29,,2026,32889.2,2028,26188.29,2028,22.9,2026,FnGuide 올해 전망,A071050,한국금융지주
2023,419862.61,34990.29,26268.94,8.29,2026,50517.0,2028,37712.94,2028,8.55,2026,FnGuide 올해 전망,A316140,우리금융지주
2024,466167.2,42551.9,31714.69,9.38,2026,50517.0,2028,37712.94,2028,8.55,2026,FnGuide 올해 전망,A316140,우리금융지주
2025,415483.95,36748.08,32275.08,8.91,2026,50517.0,2028,37712.94,2028,8.55,2026,FnGuide 올해 전망,A316140,우리금융지주
2026,,43712.63,33372.24,8.55,2026,50517.0,2028,37712.94,2028,8.55,2026,FnGuide 올해 전망,A316140,우리금융지주
2027,,47772.81,35701.94,,2026,50517.0,2028,37712.94,2028,8.55,2026,FnGuide 올해 전망,A316140,우리금융지주
2028,,50517.0,37712.94,,2026,50517.0,2028,37712.94,2028,8.55,2026,FnGuide 올해 전망,A316140,우리금융지주
2023,585583.58,29335.02,21253.77,28.11,2026,34900.6,2028,27543.0,2028,23.27,2026,FnGuide 올해 전망,A138040,메리츠금융지주
2024,174767.39,31888.89,23334.34,23.44,2026,34900.6,2028,27543.0,2028,23.27,2026,FnGuide 올해 전망,A138040,메리츠금융지주
2025,203169.93,28727.34,23501.35,22.53,2026,34900.6,2028,27543.0,2028,23.27,2026,FnGuide 올해 전망,A138040,메리츠금융지주
2026,,31959.4,25392.33,23.27,2026,34900.6,2028,27543.0,2028,23.27,2026,FnGuide 올해 전망,A138040,메리츠금융지주
2027,,33589.0,26410.67,,2026,34900.6,2028,27543.0,2028,23.27,2026,FnGuide 올해 전망,A138040,메리츠금융지주
2028,,34900.6,27543.0,,2026,34900.6,2028,27543.0,2028,23.27,2026,FnGuide 올해 전망,A138040,메리츠금융지주
2023,176085.11,17532.04,11459.37,9.63,2026,22293.79,2028,15233.32,2028,10.07,2026,FnGuide 올해 전망,A017670,SK텔레콤
2024,179406.09,18234.09,13870.95,10.83,2026,22293.79,2028,15233.32,2028,10.07,2026,FnGuide 올해 전망,A017670,SK텔레콤
2025,170992.13,10732.15,3750.84,3.33,2026,22293.79,2028,15233.32,2028,10.07,2026,FnGuide 올해 전망,A017670,SK텔레콤
2026,176576.11,19652.58,13495.11,10.07,2026,22293.79,2028,15233.32,2028,10.07,2026,FnGuide 올해 전망,A017670,SK텔레콤
2027,180299.47,20835.95,14077.79,,2026,22293.79,2028,15233.32,2028,10.07,2026,FnGuide 올해 전망,A017670,SK텔레콤
2028,186108.16,22293.79,15233.32,,2026,22293.79,2028,15233.32,2028,10.07,2026,FnGuide 올해 전망,A017670,SK텔레콤
2023,263762.73,16497.74,9887.18,6.05,2026,23675.89,2028,17868.67,2028,7.98,2026,FnGuide 올해 전망,A030200,KT
2024,264312.04,8094.71,4170.94,2.85,2026,23675.89,2028,17868.67,2028,7.98,2026,FnGuide 올해 전망,A030200,KT
2025,282441.61,24691.33,18367.7,10.22,2026,23675.89,2028,17868.67,2028,7.98,2026,FnGuide 올해 전망,A030200,KT
2026,273810.61,21200.56,15683.78,7.98,2026,23675.89,2028,17868.67,2028,7.98,2026,FnGuide 올해 전망,A030200,KT
2027,280173.28,22636.33,16741.33,,2026,23675.89,2028,17868.67,2028,7.98,2026,FnGuide 올해 전망,A030200,KT
2028,286366.28,23675.89,17868.67,,2026,23675.89,2028,17868.67,2028,7.98,2026,FnGuide 올해 전망,A030200,KT
2023,161117.96,17900.89,11291.06,11.46,2026,24935.9,2028,16425.78,2028,3.38,2026,FnGuide 올해 전망,A003490,대한항공
2024,178707.18,21102.0,13818.58,13.17,2026,24935.9,2028,16425.78,2028,3.38,2026,FnGuide 올해 전망,A003490,대한항공
2025,252255.42,11135.89,6472.73,7.28,2026,24935.9,2028,16425.78,2028,3.38,2026,FnGuide 올해 전망,A003490,대한항공
2026,286678.4,8421.9,2465.89,3.38,2026,24935.9,2028,16425.78,2028,3.38,2026,FnGuide 올해 전망,A003490,대한항공
2027,284832.7,21914.2,13986.22,,2026,24935.9,2028,16425.78,2028,3.38,2026,FnGuide 올해 전망,A003490,대한항공
2028,290848.9,24935.9,16425.78,,2026,24935.9,2028,16425.78,2028,3.38,2026,FnGuide 올해 전망,A003490,대한항공
2023,22784.55,-23396.98,-13148.34,-8.04,2026,621200.0,2028,581383.33,2028,97.45,2026,FnGuide 올해 전망,A402340,SK스퀘어
2024,58817.7,39206.47,36505.15,21.7,2026,621200.0,2028,581383.33,2028,97.45,2026,FnGuide 올해 전망,A402340,SK스퀘어
2025,104555.53,87974.21,88186.95,37.82,2026,621200.0,2028,581383.33,2028,97.45,2026,FnGuide 올해 전망,A402340,SK스퀘어
2026,202230.0,503588.67,470138.33,97.45,2026,621200.0,2028,581383.33,2028,97.45,2026,FnGuide 올해 전망,A402340,SK스퀘어
2027,238751.67,611064.17,566273.33,,2026,621200.0,2028,581383.33,2028,97.45,2026,FnGuide 올해 전망,A402340,SK스퀘어
2028,245186.67,621200.0,581383.33,,2026,621200.0,2028,581383.33,2028,97.45,2026,FnGuide 올해 전망,A402340,SK스퀘어
2023,418956.81,28701.74,27191.06,7.28,2026,47724.79,2028,47818.0,2028,4.52,2026,FnGuide 올해 전망,A028260,삼성물산
2024,421032.38,29833.97,27720.12,6.83,2026,47724.79,2028,47818.0,2028,4.52,2026,FnGuide 올해 전망,A028260,삼성물산
2025,407422.41,32927.47,39066.53,6.02,2026,47724.79,2028,47818.0,2028,4.52,2026,FnGuide 올해 전망,A028260,삼성물산
2026,456276.6,37903.8,39113.0,4.52,2026,47724.79,2028,47818.0,2028,4.52,2026,FnGuide 올해 전망,A028260,삼성물산
2027,493140.0,43993.4,47655.0,,2026,47724.79,2028,47818.0,2028,4.52,2026,FnGuide 올해 전망,A028260,삼성물산
2028,514956.29,47724.79,47818.0,,2026,47724.79,2028,47818.0,2028,4.52,2026,FnGuide 올해 전망,A028260,삼성물산
2023,1287984.68,47539.82,-4063.87,-3.67,2026,130941.88,2028,289574.88,2028,36.53,2026,FnGuide 올해 전망,A034730,SK
2024,1233996.69,23960.02,5288.1,-5.64,2026,130941.88,2028,289574.88,2028,36.53,2026,FnGuide 올해 전망,A034730,SK
2025,1227033.38,18184.76,35552.46,6.35,2026,130941.88,2028,289574.88,2028,36.53,2026,FnGuide 올해 전망,A034730,SK
2026,1487322.8,123271.1,332787.56,36.53,2026,130941.88,2028,289574.88,2028,36.53,2026,FnGuide 올해 전망,A034730,SK
2027,1461948.2,114727.7,272113.89,,2026,130941.88,2028,289574.88,2028,36.53,2026,FnGuide 올해 전망,A034730,SK
2028,1524518.88,130941.88,289574.88,,2026,130941.88,2028,289574.88,2028,36.53,2026,FnGuide 올해 전망,A034730,SK
2023,592543.61,22952.84,34233.09,8.73,2026,45827.05,2028,50765.05,2028,8.0,2026,FnGuide 올해 전망,A012330,현대모비스
2024,572369.95,30734.56,40601.61,9.35,2026,45827.05,2028,50765.05,2028,8.0,2026,FnGuide 올해 전망,A012330,현대모비스
2025,611181.27,33574.56,36647.36,7.68,2026,45827.05,2028,50765.05,2028,8.0,2026,FnGuide 올해 전망,A012330,현대모비스
2026,648810.16,37675.76,41686.24,8.0,2026,45827.05,2028,50765.05,2028,8.0,2026,FnGuide 올해 전망,A012330,현대모비스
2027,692369.36,42224.0,47313.92,,2026,45827.05,2028,50765.05,2028,8.0,2026,FnGuide 올해 전망,A012330,현대모비스
2028,729467.45,45827.05,50765.05,,2026,45827.05,2028,50765.05,2028,8.0,2026,FnGuide 올해 전망,A012330,현대모비스
2023,27027.99,3152.18,2594.56,27.71,2026,18825.27,2028,14571.53,2028,40.16,2026,FnGuide 올해 전망,A267260,HD현대일렉트릭
2024,33223.49,6689.71,4984.1,39.34,2026,18825.27,2028,14571.53,2028,40.16,2026,FnGuide 올해 전망,A267260,HD현대일렉트릭
2025,40794.98,9953.13,7318.16,41.5,2026,18825.27,2028,14571.53,2028,40.16,2026,FnGuide 올해 전망,A267260,HD현대일렉트릭
2026,46917.63,12322.94,9495.88,40.16,2026,18825.27,2028,14571.53,2028,40.16,2026,FnGuide 올해 전망,A267260,HD현대일렉트릭
2027,55409.06,15501.31,11918.69,,2026,18825.27,2028,14571.53,2028,40.16,2026,FnGuide 올해 전망,A267260,HD현대일렉트릭
2028,64329.47,18825.27,14571.53,,2026,18825.27,2028,14571.53,2028,40.16,2026,FnGuide 올해 전망,A267260,HD현대일렉트릭
2023,42304.83,3248.78,2076.73,12.61,2026,13581.81,2028,10218.69,2028,23.73,2026,FnGuide 올해 전망,A010120,LS ELECTRIC
2024,45518.37,3897.17,2422.38,13.44,2026,13581.81,2028,10218.69,2028,23.73,2026,FnGuide 올해 전망,A010120,LS ELECTRIC
2025,49657.99,4264.07,2842.57,14.67,2026,13581.81,2028,10218.69,2028,23.73,2026,FnGuide 올해 전망,A010120,LS ELECTRIC
2026,65383.06,7181.59,5342.82,23.73,2026,13581.81,2028,10218.69,2028,23.73,2026,FnGuide 올해 전망,A010120,LS ELECTRIC
2027,80014.71,10335.65,7768.59,,2026,13581.81,2028,10218.69,2028,23.73,2026,FnGuide 올해 전망,A010120,LS ELECTRIC
2028,94700.13,13581.81,10218.69,,2026,13581.81,2028,10218.69,2028,23.73,2026,FnGuide 올해 전망,A010120,LS ELECTRIC
2023,43005.72,2578.37,1319.22,11.29,2026,20667.67,2028,15824.87,2028,28.77,2026,FnGuide 올해 전망,A298040,효성중공업
2024,48949.8,3624.79,2229.29,14.9,2026,20667.67,2028,15824.87,2028,28.77,2026,FnGuide 올해 전망,A298040,효성중공업
2025,59685.12,7469.68,5028.38,24.41,2026,20667.67,2028,15824.87,2028,28.77,2026,FnGuide 올해 전망,A298040,효성중공업
2026,71904.69,11218.88,7906.75,28.77,2026,20667.67,2028,15824.87,2028,28.77,2026,FnGuide 올해 전망,A298040,효성중공업
2027,86159.06,15746.5,11722.88,,2026,20667.67,2028,15824.87,2028,28.77,2026,FnGuide 올해 전망,A298040,효성중공업
2028,101958.8,20667.67,15824.87,,2026,20667.67,2028,15824.87,2028,28.77,2026,FnGuide 올해 전망,A298040,효성중공업
2023,208247.07,23572.83,18216.14,12.73,2026,38107.08,2028,27532.3,2028,8.3,2026,FnGuide 올해 전망,A000810,삼성화재
2024,226569.68,26495.97,20767.98,13.11,2026,38107.08,2028,27532.3,2028,8.3,2026,FnGuide 올해 전망,A000810,삼성화재
2025,247785.2,26591.43,20202.87,10.97,2026,38107.08,2028,27532.3,2028,8.3,2026,FnGuide 올해 전망,A000810,삼성화재
2026,,32565.38,24312.36,8.3,2026,38107.08,2028,27532.3,2028,8.3,2026,FnGuide 올해 전망,A000810,삼성화재
2027,,39419.62,28532.55,,2026,38107.08,2028,27532.3,2028,8.3,2026,FnGuide 올해 전망,A000810,삼성화재
2028,,38107.08,27532.3,,2026,38107.08,2028,27532.3,2028,8.3,2026,FnGuide 올해 전망,A000810,삼성화재
2023,965.23,-97.37,-35.82,-2.27,2026,5785.0,2028,5027.0,2028,51.62,2026,FnGuide 올해 전망,A196170,알테오젠
2024,1028.55,254.04,606.9,29.52,2026,5785.0,2028,5027.0,2028,51.62,2026,FnGuide 올해 전망,A196170,알테오젠
2025,2158.59,1069.0,1451.73,39.42,2026,5785.0,2028,5027.0,2028,51.62,2026,FnGuide 올해 전망,A196170,알테오젠
2026,4924.4,3126.8,3129.2,51.62,2026,5785.0,2028,5027.0,2028,51.62,2026,FnGuide 올해 전망,A196170,알테오젠
2027,6635.2,4225.6,3805.8,,2026,5785.0,2028,5027.0,2028,51.62,2026,FnGuide 올해 전망,A196170,알테오젠
2028,8465.8,5785.0,5027.0,,2026,5785.0,2028,5027.0,2028,51.62,2026,FnGuide 올해 전망,A196170,알테오젠
2023,152.58,-445.9,-8.43,-0.93,2026,1310.0,2028,1140.0,2028,7.22,2026,FnGuide 올해 전망,A277810,레인보우로보틱스
2024,193.47,-29.79,21.35,1.62,2026,1310.0,2028,1140.0,2028,7.22,2026,FnGuide 올해 전망,A277810,레인보우로보틱스
2025,341.23,-24.8,14.22,1.07,2026,1310.0,2028,1140.0,2028,7.22,2026,FnGuide 올해 전망,A277810,레인보우로보틱스
2026,710.0,120.0,100.0,7.22,2026,1310.0,2028,1140.0,2028,7.22,2026,FnGuide 올해 전망,A277810,레인보우로보틱스
2027,1590.0,670.0,530.0,,2026,1310.0,2028,1140.0,2028,7.22,2026,FnGuide 올해 전망,A277810,레인보우로보틱스
2028,3140.0,1310.0,1140.0,,2026,1310.0,2028,1140.0,2028,7.22,2026,FnGuide 올해 전망,A277810,레인보우로보틱스
2023,37.06,-205.04,-172.24,-16.69,2026,-300.0,2028,-430.0,2028,-63.89,2026,FnGuide 올해 전망,A950160,코오롱티슈진
2024,50.73,-219.97,-337.99,-25.91,2026,-300.0,2028,-430.0,2028,-63.89,2026,FnGuide 올해 전망,A950160,코오롱티슈진
2025,51.59,-223.23,-1925.87,-183.43,2026,-300.0,2028,-430.0,2028,-63.89,2026,FnGuide 올해 전망,A950160,코오롱티슈진
2026,60.0,-290.0,-390.0,-63.89,2026,-300.0,2028,-430.0,2028,-63.89,2026,FnGuide 올해 전망,A950160,코오롱티슈진
2027,60.0,-450.0,-530.0,,2026,-300.0,2028,-430.0,2028,-63.89,2026,FnGuide 올해 전망,A950160,코오롱티슈진
2028,1010.0,-300.0,-430.0,,2026,-300.0,2028,-430.0,2028,-63.89,2026,FnGuide 올해 전망,A950160,코오롱티슈진
2023,6903.38,-180.75,-135.08,-1.56,2026,3484.17,2028,3022.17,2028,20.29,2026,FnGuide 올해 전망,A240810,원익IPS
2024,7481.76,106.42,207.48,2.37,2026,3484.17,2028,3022.17,2028,20.29,2026,FnGuide 올해 전망,A240810,원익IPS
2025,9097.96,738.14,840.29,9.05,2026,3484.17,2028,3022.17,2028,20.29,2026,FnGuide 올해 전망,A240810,원익IPS
2026,12432.57,1793.86,2160.86,20.29,2026,3484.17,2028,3022.17,2028,20.29,2026,FnGuide 올해 전망,A240810,원익IPS
2027,16195.43,2744.67,2401.17,,2026,3484.17,2028,3022.17,2028,20.29,2026,FnGuide 올해 전망,A240810,원익IPS
2028,19267.14,3484.17,3022.17,,2026,3484.17,2028,3022.17,2028,20.29,2026,FnGuide 올해 전망,A240810,원익IPS
2023,2847.45,289.37,340.01,6.8,2026,3164.0,2028,2511.0,2028,6.58,2026,FnGuide 올해 전망,A036930,주성엔지니어링
2024,4093.93,971.96,1068.14,19.76,2026,3164.0,2028,2511.0,2028,6.58,2026,FnGuide 올해 전망,A036930,주성엔지니어링
2025,3106.93,312.58,356.93,6.17,2026,3164.0,2028,2511.0,2028,6.58,2026,FnGuide 올해 전망,A036930,주성엔지니어링
2026,3644.0,408.0,418.0,6.58,2026,3164.0,2028,2511.0,2028,6.58,2026,FnGuide 올해 전망,A036930,주성엔지니어링
2027,4970.0,1401.0,1172.0,,2026,3164.0,2028,2511.0,2028,6.58,2026,FnGuide 올해 전망,A036930,주성엔지니어링
2028,7889.0,3164.0,2511.0,,2026,3164.0,2028,2511.0,2028,6.58,2026,FnGuide 올해 전망,A036930,주성엔지니어링
2023,3163.4,309.43,363.93,6.73,2026,2373.0,2028,1941.5,2028,15.64,2026,FnGuide 올해 전망,A039030,이오테크닉스
2024,3209.45,312.01,426.7,7.43,2026,2373.0,2028,1941.5,2028,15.64,2026,FnGuide 올해 전망,A039030,이오테크닉스
2025,3808.91,807.53,575.65,8.9,2026,2373.0,2028,1941.5,2028,15.64,2026,FnGuide 올해 전망,A039030,이오테크닉스
2026,4913.0,1332.0,1159.5,15.64,2026,2373.0,2028,1941.5,2028,15.64,2026,FnGuide 올해 전망,A039030,이오테크닉스
2027,6484.0,2143.5,1761.0,,2026,2373.0,2028,1941.5,2028,15.64,2026,FnGuide 올해 전망,A039030,이오테크닉스
2028,7113.5,2373.0,1941.5,,2026,2373.0,2028,1941.5,2028,15.64,2026,FnGuide 올해 전망,A039030,이오테크닉스
2023,3518.64,541.19,525.2,14.08,2026,2567.8,2028,2159.8,2028,26.4,2026,FnGuide 올해 전망,A319660,피에스케이
2024,3980.51,839.24,791.28,18.31,2026,2567.8,2028,2159.8,2028,26.4,2026,FnGuide 올해 전망,A319660,피에스케이
2025,4572.13,884.94,785.46,15.54,2026,2567.8,2028,2159.8,2028,26.4,2026,FnGuide 올해 전망,A319660,피에스케이
2026,6906.2,1887.0,1621.2,26.4,2026,2567.8,2028,2159.8,2028,26.4,2026,FnGuide 올해 전망,A319660,피에스케이
2027,8500.2,2368.0,1985.2,,2026,2567.8,2028,2159.8,2028,26.4,2026,FnGuide 올해 전망,A319660,피에스케이
2028,9305.6,2567.8,2159.8,,2026,2567.8,2028,2159.8,2028,26.4,2026,FnGuide 올해 전망,A319660,피에스케이
2023,341.46,-808.22,-737.04,-40.08,2026,522.5,2028,450.5,2028,-23.48,2026,FnGuide 올해 전망,A141080,리가켐바이오
2024,1258.98,-209.13,78.0,2.04,2026,522.5,2028,450.5,2028,-23.48,2026,FnGuide 올해 전망,A141080,리가켐바이오
2025,1415.53,-1064.86,-915.52,-13.22,2026,522.5,2028,450.5,2028,-23.48,2026,FnGuide 올해 전망,A141080,리가켐바이오
2026,1893.5,-1214.0,-1146.5,-23.48,2026,522.5,2028,450.5,2028,-23.48,2026,FnGuide 올해 전망,A141080,리가켐바이오
2027,2357.0,-771.5,-752.0,,2026,522.5,2028,450.5,2028,-23.48,2026,FnGuide 올해 전망,A141080,리가켐바이오
2028,3702.0,522.5,450.5,,2026,522.5,2028,450.5,2028,-23.48,2026,FnGuide 올해 전망,A141080,리가켐바이오
2023,10418.96,-881.24,-1151.44,-21.29,2026,5480.75,2028,4400.0,2028,29.12,2026,FnGuide 올해 전망,A222800,심텍
2024,12314.21,-469.69,-310.45,-6.63,2026,5480.75,2028,4400.0,2028,29.12,2026,FnGuide 올해 전망,A222800,심텍
2025,14105.6,118.69,-1645.8,-32.1,2026,5480.75,2028,4400.0,2028,29.12,2026,FnGuide 올해 전망,A222800,심텍
2026,20883.78,2560.11,1944.75,29.12,2026,5480.75,2028,4400.0,2028,29.12,2026,FnGuide 올해 전망,A222800,심텍
2027,25166.33,4290.11,3316.75,,2026,5480.75,2028,4400.0,2028,29.12,2026,FnGuide 올해 전망,A222800,심텍
2028,28997.13,5480.75,4400.0,,2026,5480.75,2028,4400.0,2028,29.12,2026,FnGuide 올해 전망,A222800,심텍
2023,1790.87,952.06,804.32,34.05,2026,2553.8,2028,2060.2,2028,34.1,2026,FnGuide 올해 전망,A403870,HPSP
2024,1814.02,939.46,862.8,31.09,2026,2553.8,2028,2060.2,2028,34.1,2026,FnGuide 올해 전망,A403870,HPSP
2025,1729.65,899.02,726.62,24.79,2026,2553.8,2028,2060.2,2028,34.1,2026,FnGuide 올해 전망,A403870,HPSP
2026,2497.33,1387.67,1196.33,34.1,2026,2553.8,2028,2060.2,2028,34.1,2026,FnGuide 올해 전망,A403870,HPSP
2027,3731.83,2113.67,1706.83,,2026,2553.8,2028,2060.2,2028,34.1,2026,FnGuide 올해 전망,A403870,HPSP
2028,4442.8,2553.8,2060.2,,2026,2553.8,2028,2060.2,2028,34.1,2026,FnGuide 올해 전망,A403870,HPSP
2023,224.71,-585.69,-568.33,-50.2,2026,3103.0,2028,2728.5,2028,77.84,2026,FnGuide 올해 전망,A440110,파두
2024,435.03,-950.48,-915.09,-64.47,2026,3103.0,2028,2728.5,2028,77.84,2026,FnGuide 올해 전망,A440110,파두
2025,924.19,-654.7,-762.18,-131.08,2026,3103.0,2028,2728.5,2028,77.84,2026,FnGuide 올해 전망,A440110,파두
2026,3923.5,928.5,544.5,77.84,2026,3103.0,2028,2728.5,2028,77.84,2026,FnGuide 올해 전망,A440110,파두
2027,7396.0,2266.0,2031.5,,2026,3103.0,2028,2728.5,2028,77.84,2026,FnGuide 올해 전망,A440110,파두
2028,9689.5,3103.0,2728.5,,2026,3103.0,2028,2728.5,2028,77.84,2026,FnGuide 올해 전망,A440110,파두
2023,2765.33,243.26,253.97,7.31,2026,1800.0,2028,1520.0,2028,26.87,2026,FnGuide 올해 전망,A084370,유진테크
2024,3380.68,611.77,654.4,16.85,2026,1800.0,2028,1520.0,2028,26.87,2026,FnGuide 올해 전망,A084370,유진테크
2025,3503.24,516.72,444.82,9.81,2026,1800.0,2028,1520.0,2028,26.87,2026,FnGuide 올해 전망,A084370,유진테크
2026,5000.0,1023.0,1450.0,26.87,2026,1800.0,2028,1520.0,2028,26.87,2026,FnGuide 올해 전망,A084370,유진테크
2027,6717.0,1669.0,1410.0,,2026,1800.0,2028,1520.0,2028,26.87,2026,FnGuide 올해 전망,A084370,유진테크
2028,7240.0,1800.0,1520.0,,2026,1800.0,2028,1520.0,2028,26.87,2026,FnGuide 올해 전망,A084370,유진테크
2023,1402.22,107.37,135.83,3.56,2026,1766.5,2028,1471.83,2028,15.47,2026,FnGuide 올해 전망,A095340,ISC
2024,1744.8,447.84,548.99,10.97,2026,1766.5,2028,1471.83,2028,15.47,2026,FnGuide 올해 전망,A095340,ISC
2025,2201.95,600.54,563.43,10.6,2026,1766.5,2028,1471.83,2028,15.47,2026,FnGuide 올해 전망,A095340,ISC
2026,3143.5,1033.5,898.13,15.47,2026,1766.5,2028,1471.83,2028,15.47,2026,FnGuide 올해 전망,A095340,ISC
2027,4036.86,1430.14,1213.57,,2026,1766.5,2028,1471.83,2028,15.47,2026,FnGuide 올해 전망,A095340,ISC
2028,4951.67,1766.5,1471.83,,2026,1766.5,2028,1471.83,2028,15.47,2026,FnGuide 올해 전망,A095340,ISC
